## 쿼리 입문



## 쿼리 역학

```bash
Welcome to the MariaDB monitor.  Commands end with ; or \g.
Your MariaDB connection id is 15
Server version: 10.6.4-MariaDB-1:10.6.4+maria~focal mariadb.org binary distribution

Copyright (c) 2000, 2018, Oracle, MariaDB Corporation Ab and others.

Type 'help;' or '\h' for help. Type '\c' to clear the current input statement.

MariaDB [(none)]> 
```

접속하면 처음 나오는 메세지. **연결 id는 15임**. 쿼리가 잘못되서 오래 실행되는 경우 오류 발생시 추적에 좋음.



* 서버는 쿼리가 서버로 전송될때 마다 다음 항들을 확인함.
  * 이 구문을 실행할 권한이 있는지?
  * 원하는 데이터에 엑세스 할 수 있는 권한이 있는지?
  * 문법이 정확한지?

> > 위의 3가지 단계가 끝나면 쿼리는 쿼리 실행시 가장 효율적인 방법을 결정하는 **쿼리 옵티마이저(query optimizer)**로 전달됨 => 옵티마이저는 from 절에 명명된 테이블에 조인할 순서 및 사용 가능한 인덱스를 확인한 다음, 서버가 쿼리 실행에 필요한 **실행계획(execution plan)**을 선택
>
> 
>
> > 서버가 쿼리 실행을 마치면 결과셋을 반환함. 결과가 없으면 Empty Set을 반환



## 쿼리 절

select문은 구성요소(component)와 절(clause)로 구성됨.

| 절 이름  |                          목적                           |
| :------: | :-----------------------------------------------------: |
|  select  |             쿼리 결과에 포함할 열을 결정함.             |
|   from   | 데이터를 검색할 테이블과, 테이블을 조인하는 방법을 식별 |
|  where   |                불필요한 데이터를 걸러냄                 |
| group by |           공통 열 값을 기준으로 행을 그룹화함           |
|  having  |                 불필요한 그룹을 걸러냄                  |
| order by |     하나 이상의 열을 기준으로 최종 결과 행을 정렬함     |

**위 6개 모든 절은 ANSI스펙에 포함됨**



### Select절

**'*'(asterisk)** 모든열이 결과에 포함되어야 함을 의미

#### 직접 열의 이름을 지정해주면 해당 열들을 출력해줌

```sql
MariaDB [sakila]> select * from language;
+-------------+----------+---------------------+
| language_id | name     | last_update         |
+-------------+----------+---------------------+
|           1 | English  | 2006-02-15 05:02:19 |
|           2 | Italian  | 2006-02-15 05:02:19 |
|           3 | Japanese | 2006-02-15 05:02:19 |
|           4 | Mandarin | 2006-02-15 05:02:19 |
|           5 | French   | 2006-02-15 05:02:19 |
|           6 | German   | 2006-02-15 05:02:19 |
+-------------+----------+---------------------+
```



#### 열을 지정한 경우

```sql
MariaDB [sakila]> select name from language;
+----------+
| name     |
+----------+
| English  |
| Italian  |
| Japanese |
| Mandarin |
| French   |
| German   |
+----------+
```



#### select에 다음 항목들도 추가할 수 있음

* 숫자 또는 문자열과 같은 리터럴
* transaction.amount * -1과 같은 표현식
* ROUND(transaction.amount, 2)와 같은 내장 함수 호출
* 사용자 정의 함수 호출

```sql
SELECT language_id, 'COMMON' language_usage, language_id * 3.1415927 lang_pi_value, upper(name) language_name FROM language;
+-------------+----------------+---------------+---------------+
| language_id | language_usage | lang_pi_value | language_name |
+-------------+----------------+---------------+---------------+
|           1 | COMMON         |     3.1415927 | ENGLISH       |
|           2 | COMMON         |     6.2831854 | ITALIAN       |
|           3 | COMMON         |     9.4247781 | JAPANESE      |
|           4 | COMMON         |    12.5663708 | MANDARIN      |
|           5 | COMMON         |    15.7079635 | FRENCH        |
|           6 | COMMON         |    18.8495562 | GERMAN        |
+-------------+----------------+---------------+---------------+
```



#### 열의 별칭

쿼리에서 반환한 열에 대한 레이블을 생성하지만 직접 고유한 테이블을 지정할 수 있음.

```sql
SELECT language_id, 'COMMON' language_usage #language_usage로 별칭을 정함
SELECT language_id, 'COMMON' AS language_usage #위와 동일 / 명시적으로 표현
```



#### 중복 제거

```sql
MariaDB [sakila]> SELECT actor_id FROM film_actor ORDER BY actor_id;
+----------+
| actor_id |
+----------+
|        1 |
|        1 |
|        1 |
|        1 |
|        1 |
|        1 |
|        1 |
|        1 |
.....
|      200 |
|      200 |
|      200 |
|      200 |
|      200 |
+----------+
5462 rows in set (0.006 sec)
```



##### distinct키워드를 사용하면 중복을 제거할 수 있음.

```sql
MariaDB [sakila]> SELECT DISTINCT actor_id FROM film_actor ORDER BY actor_id;
+----------+
| actor_id |
+----------+
|        1 |
|        2 |
|        3 |
|        4 |
|        5 |
|        6 |
|        7 |
|        8 |
|        9 |
|       10 |
|       11 |
|       12 |
|       13 |
...
|      195 |
|      196 |
|      197 |
|      198 |
|      199 |
|      200 |
+----------+
200 rows in set (0.004 sec)
```

**중복 값이 없는 것이 확실할 때는 all키워드를 지정할 수 있음. 그러나 all은 기본값이고 생략하는게 일반적**



## FROM절

* from절은 하나이상의 테이블 목록
* from절은 쿼리에 사용되는 테이블을 명시할 뿐만 아니라, 테이블을 서로 연결하는 수단도 함께 정의.



### 테이블 유형

* 영구 테이블(permanent table): create table문으로 생성
* 파생테이블(derived table): 하위 쿼리에서 반환하고 메모리에 보관된 행
* 임시 테이블(temporary table): 메모리에 저장된 휘발성 데이터
* 가상 테이블(virtual table): create view 문으로 생성



#### 파생 테이블

서브쿼리(subQuery)는 다은 쿼리에 포함된 쿼리. 괄호로 묶여 있으며 select문의 여러부분에서 찾을 수 있음.

from절 내에서의 서브쿼리는 from 절에 명시된 다른 테이블과 상호작용할 수 있는 파생 테이블을 생성하는 역할을 함.

```sql
SELECT concat(cust.last_name,',',cust.first_name) fullname FROM (SELECT first_name, last_name, email FROM customer WHERE first_name = 'JESSIE') cust;
+--------------+
| fullname     |
+--------------+
| BANKS,JESSIE |
| MILAM,JESSIE |
+--------------+
2 rows in set (0.002 sec)
```



#### 임시 테이블

임시 테이블은 트랜재션이 끝날 때 또는 데이터베이스 세션이 닫힐 때 사라짐

```sql
CREATE TEMPORARY TABLE actors_j(actor_id smallint(5), first_name varchar(45), last_name varchar(45));

INSERT INTO actors_j SELECT actor_id, first_name, last_name FROM actor WHERE last_name LIKE 'J%';

SELECT * FROM actors_j;
```



#### 가상 테이블(뷰)

뷰는 데이터 딕셔너리에 저장된 쿼리. 테이블처럼 동작하지만, 뷰에 저장된 데이터는 존재하지 않음.(**=이 때문에 가상 테이블이라고 부름**)뷰에 대해 쿼리를 실행하면 뷰 정의와 합쳐져 실행할 최종 쿼리를 만듦.

```sql
CREATE VIEW cust_vw AS SELECT customer_id, first_name, last_name, active FROM customer;
MariaDB [sakila]> desc cusst_vw;
ERROR 1146 (42S02): Table 'sakila.cusst_vw' doesn't exist
```

```sql
SELECT first_name, last_name FROM cust_vw WHERE active = 0;

+------------+-----------+
| first_name | last_name |
+------------+-----------+
| SANDRA     | MARTIN    |
| JUDITH     | COX       |
| SHEILA     | WELLS     |
| ERICA      | MATTHEWS  |
| HEIDI      | LARSON    |
| PENNY      | NEAL      |
| KENNETH    | GOODEN    |
| HARRY      | ARCE      |
| NATHAN     | RUNYON    |
| THEODORE   | CULP      |
| MAURICE    | CRAWLEY   |
| BEN        | EASTER    |
| CHRISTIAN  | JUNG      |
| JIMMIE     | EGGLESTON |
| TERRANCE   | ROUSH     |
+------------+-----------+
15 rows in set (0.004 sec)
```

**사용자로부터 열을 숨기고 복잡한 데이터베이스 설계를 단순화하는 등 다양한 이유로 뷰가 만들어짐.**



#### 테이블 연결

단순 from 절 정의와 두 번째로 다른 점은 from절에서 둘 이상의 테이블이 있으면 그 테이블을 연결 하는데 필요한 조건도 포함해야함.

MySQL또는 다른 데이터베이스 서버에서의 요구사항은 아니지만, 여러 테이블을 조인하는 ANSI 승인방법이고 이식성이 뛰어난 방법.

```sql
SELECT customer.first_name, customer.last_name, time(rental.rental_date) rental_time FROM customer INNER JOIN rental ON customer.customer_id = rental.customer_id WHERE date(rental.rental_date) = '2005-06-14';

+------------+-----------+-------------+
| first_name | last_name | rental_time |
+------------+-----------+-------------+
| CATHERINE  | CAMPBELL  | 23:17:03    |
| JOYCE      | EDWARDS   | 23:16:26    |
| AMBER      | DIXON     | 23:42:56    |
| JEANETTE   | GREENE    | 23:54:46    |
| MINNIE     | ROMERO    | 23:00:34    |
| GWENDOLYN  | MAY       | 23:16:27    |
| SONIA      | GREGORY   | 23:50:11    |
| MIRIAM     | MCKINNEY  | 23:07:08    |
| CHARLES    | KOWALSKI  | 23:54:34    |
| DANIEL     | CABRAL    | 23:09:38    |
| MATTHEW    | MAHAN     | 23:25:58    |
| JEFFERY    | PINSON    | 22:53:33    |
| HERMAN     | DEVORE    | 23:35:09    |
| ELMER      | NOE       | 22:55:13    |
| TERRANCE   | ROUSH     | 23:12:46    |
| TERRENCE   | GUNDERSON | 23:47:35    |
+------------+-----------+-------------+
```

customer테이블의 customer_id 열 값을 사용하여 rental 테이블에서 모든 고객의 대여 내역을 찾도록 지시함



#### 테이블 별칭 정의

단일 쿼리에서 여러 테이블을 조인할 경우 select, where, group by, have 및 order by 절에서 열을 참조할 때 참조 테이블을 식별할 방법이 필요함 from절 외부에서는 다음 두가지 방법으로 가능함

* employee.emp_id와 같이 전체 테이블 이름을 사용
* 각 테이블의 별칭을 할당하고 해당 별칭을 사용



```sql
SELECT c.first_name, c.last_name, time(r.rental_date) rental_time FROM customer c INNER JOIN rental r ON c.customer_id = r.customer_id WHERE date(r.rental_date) = '2005-06-14'
```

from절에서 customer 테이블에 별칭 c가 할당되고 rental테이블에 r 별칭이 할당됨.

**또한 AS 키워드를 통해 정할 수 있음. **

```sql
SELECT c.first_name, c.last_name, time(r.rental_date) rental_time FROM customer AS c INNER JOIN rental AS r ON c.customer_id = r.customer_id WHERE date(r.rental_date) = '2005-06-14'
```



#### Where 절

모든행을 검색하는 대신 관심 없는 행을 필터링 하는 방법이 필요한데 그것이 where 절에서의 작업

```sql
SELECT title FROM film WHERE rating = 'G' AND rental_duration >= 7;
+-------------------------+
| title                   |
+-------------------------+
| BLANKET BEVERLY         |
| BORROWERS BEDAZZLED     |
| BRIDE INTRIGUE          |
| CATCH AMISTAD           |
| CITIZEN SHREK           |
| COLDBLOODED DARLING     |
| CONTROL ANTHEM          |
| CRUELTY UNFORGIVEN      |
| DARN FORRESTER          |
| DESPERATE TRAINSPOTTING |
| DIARY PANIC             |
| DRACULA CRYSTAL         |
| EMPIRE MALKOVICH        |
| FIREHOUSE VIETNAM       |
| GILBERT PELICAN         |
| GRADUATE LORD           |
| GREASE YOUTH            |
| GUN BONNIE              |
| HOOK CHARIOTS           |
| MARRIED GO              |
| MENAGERIE RUSHMORE      |
| MUSCLE BRIGHT           |
| OPERATION OPERATION     |
| PRIMARY GLASS           |
| REBEL AIRPORT           |
| SPIKING ELEMENT         |
| TRUMAN CRAZY            |
| WAKE JAWS               |
| WAR NOTTING             |
+-------------------------+
29 rows in set (0.008 sec)
```

where절에는 2개의 필터 조건이 들어가있는데 각각의 조건은 and, or, not같은 연산으로 구분됨.

And 연산자는 모든 조건이 true를 충족해야 결과에 포함됨. or연산자는 하나만 true이면 됨

```sql
SELECT title FROM film WHERE rating = 'G' OR rental_duration >= 7;
```

서로 다른 연산자를 혼합할 때는 항상 괄호를 사용하여 조건 그룹을 구분해야함

```sql
SELECT title, rating, rental_duration FROM film WHERE (rating = 'G' AND rental_duration >= 7) OR (rating = 'PG-13' AND rental_duration < 4);
```



### Group by 절과 having절

* 데이터를 열 값 별로 크룹화 하는 group by
* 그룹화 된 데이터를 정제하는 having

```sql
SELECT c.first_name, c.last_name, count(*) FROM customer c INNER JOIN rental r ON c.customer_id = r.customer_id GROUP BY c.first_name, c.last_name HAVING count(*) >= 40;
```



### Order By 절

결과셋을 원하는 기준으로 정렬하려면 서버에서 order by 절을 사용하여 정렬하도록 해야함.

```sql
SELECT c.first_name, c.last_name, time(r.rental_date) rental_time FROM customer c INNER JOIN rental r ON c.customer_id = r.customer_id WHERE date(r.rental_date) = '2005-06-14' ORDER BY last_name;
#2005년 6월 14일에 영화를 대여한 모든 고객 목록을 성을 기준으로 알파벳 순 정렬하는 방법

+------------+-----------+-------------+
| first_name | last_name | rental_time |
+------------+-----------+-------------+
| DANIEL     | CABRAL    | 23:09:38    |
| CATHERINE  | CAMPBELL  | 23:17:03    |
| HERMAN     | DEVORE    | 23:35:09    |
| AMBER      | DIXON     | 23:42:56    |
| JOYCE      | EDWARDS   | 23:16:26    |
| JEANETTE   | GREENE    | 23:54:46    |
| SONIA      | GREGORY   | 23:50:11    |
| TERRENCE   | GUNDERSON | 23:47:35    |
| CHARLES    | KOWALSKI  | 23:54:34    |
| MATTHEW    | MAHAN     | 23:25:58    |
| GWENDOLYN  | MAY       | 23:16:27    |
| MIRIAM     | MCKINNEY  | 23:07:08    |
| ELMER      | NOE       | 22:55:13    |
| JEFFERY    | PINSON    | 22:53:33    |
| MINNIE     | ROMERO    | 23:00:34    |
| TERRANCE   | ROUSH     | 23:12:46    |
+------------+-----------+-------------+
16 rows in set (0.031 sec)
```



#### 내림차순 및 오름차순 정렬

정렬할 때 asc및 desc키워드를 통해 오름차순 또는 내림차순을 지정할 수 있음. 기본값은 오름차순

```sql
SELECT c.first_name, c.last_name, time(r.rental_date) rental_time FROM customer c INNER JOIN rental r ON c.customer_id = r.customer_id WHERE date(r.rental_date) = '2005-06-14' ORDER BY time(r.rental_date) desc;
#2005년 6월 14일에 영화를 대여한 모든 고객을 대여 시간의 내림차순으로 보여주는 쿼리
+------------+-----------+-------------+
| first_name | last_name | rental_time |
+------------+-----------+-------------+
| JEANETTE   | GREENE    | 23:54:46    |
| CHARLES    | KOWALSKI  | 23:54:34    |
| SONIA      | GREGORY   | 23:50:11    |
| TERRENCE   | GUNDERSON | 23:47:35    |
| AMBER      | DIXON     | 23:42:56    |
| HERMAN     | DEVORE    | 23:35:09    |
| MATTHEW    | MAHAN     | 23:25:58    |
| CATHERINE  | CAMPBELL  | 23:17:03    |
| GWENDOLYN  | MAY       | 23:16:27    |
| JOYCE      | EDWARDS   | 23:16:26    |
| TERRANCE   | ROUSH     | 23:12:46    |
| DANIEL     | CABRAL    | 23:09:38    |
| MIRIAM     | MCKINNEY  | 23:07:08    |
| MINNIE     | ROMERO    | 23:00:34    |
| ELMER      | NOE       | 22:55:13    |
| JEFFERY    | PINSON    | 22:53:33    |
+------------+-----------+-------------+
16 rows in set (0.034 sec)
```



#### 순서를 통한 정렬

select절의 열로 정렬할 때는 이름 새긴 select절의 열 나열 순서를 기준으로 열을 참조 할 수도 있음.  표현식을 정렬할 때 특히 유용함

```sql
SELECT c.first_name, c.last_name, time(r.rental_date) rental_time FROM customer c INNER JOIN rental r ON c.customer_id = r.customer_id WHERE date(r.rental_date) = '2005-06-14' ORDER BY 3 desc;

+------------+-----------+-------------+
| first_name | last_name | rental_time |
+------------+-----------+-------------+
| JEANETTE   | GREENE    | 23:54:46    |
| CHARLES    | KOWALSKI  | 23:54:34    |
| SONIA      | GREGORY   | 23:50:11    |
| TERRENCE   | GUNDERSON | 23:47:35    |
| AMBER      | DIXON     | 23:42:56    |
| HERMAN     | DEVORE    | 23:35:09    |
| MATTHEW    | MAHAN     | 23:25:58    |
| CATHERINE  | CAMPBELL  | 23:17:03    |
| GWENDOLYN  | MAY       | 23:16:27    |
| JOYCE      | EDWARDS   | 23:16:26    |
| TERRANCE   | ROUSH     | 23:12:46    |
| DANIEL     | CABRAL    | 23:09:38    |
| MIRIAM     | MCKINNEY  | 23:07:08    |
| MINNIE     | ROMERO    | 23:00:34    |
| ELMER      | NOE       | 22:55:13    |
| JEFFERY    | PINSON    | 22:53:33    |
+------------+-----------+-------------+
16 rows in set (0.035 sec)
```

**select 절에 열을 추가하면 예기치 않은 결과가 발생할 수 있으므로 이 기능은 자제하여 사용하는 것이 좋음. 따라서 이름으로 열을 참조하는 것이 권장**
