## 필터링

* 테이블의 모든 행에서 작업할 수 있음.
  * 새로운 데이터 웨어하우스 피드를 준비할 때 사용한 테이블에서 모든 데이터 제거
  * 새 열이 추가된 후 테이블의 모든 행 수정
  * 메시지 큐 테이블에서 모든 행 검색



위의 작업들은 제외할 행을 고려할 필요가 없으므로 where절이 없어도 됨. 그러나 대부분의 경우에 행 수를 조절하기 위해서 where 절이 선택적으로 포함되며 그룹화된 데이터의 필터 조건엔 having절이 포함됨.





### 조건 평가

* Where 절은 and 또는 or 연산자로 구분된 하나 이상의 조건을 포함할 수 있음
  * And 연산자로 구분될 경우 행이 결과셋에 포함되려면 모두 true로 평가 되어야함
  * OR연산자로만 구성된 경우, 행이 결과에 포함되려면 조건 중 하나만 true면 됨.



* 다음 행은 특정 행이 결과셋에 포함될 수 있는 다양한 방법
  * 이름은 Steven이고, 생성 날짜는 2006년 1월 1일 이후
  * 이름은 Steven이고, 생성 날짜는 2006년 1월 1일 또는 그 이전
  * 이름은 Steven이 아니지만, 생성 날짜는 2006년 1월 1일 이후



* OR조건을 사용한 두 개의 조건 평가

  | 중간 결과            | 최종결과 |
  | -------------------- | -------- |
  | WHERE true OR true   | true     |
  | WHERE true OR false  | true     |
  | WHERE false OR true  | true     |
  | WHERE false OR false | false    |



* AND 조건을 사용한 두 개의 조건 평가

  | 중간 결과             | 최종결과 |
  | --------------------- | -------- |
  | WHERE true AND true   | true     |
  | WHERE true AND false  | false    |
  | WHERE false AND true  | false    |
  | WHERE false AND false | false    |



#### 괄호 사용

where절에 and 및 or연산자를 모두 사용하여 조건이 세 개 이상 포함될 경우, 데이터베이스와 코드를 읽는 다른 사람을 위해 괄호를 써서 의도를 명확히 해야함.

```sql
WHERE (first_name = 'STEVEN' OR last_name = 'YOUNG') AND create_date > '2006-01-01'
```

* AND, OR 조건을 사용한 세 개의 조건 평가

  | 중간 결과                        | 최종결과 |
  | -------------------------------- | -------- |
  | WHERE (true OR true) AND true    | true     |
  | WHERE (true OR false) AND true   | true     |
  | WHERE (false OR true) AND true   | true     |
  | WHERE (false OR false) AND true  | false    |
  | WHERE (true OR true) AND false   | false    |
  | WHERE (true OR false) AND false  | false    |
  | WHERE (false OR true) AND false  | false    |
  | WHERE (false OR false) AND false | false    |

  => where 절에 조건이 많을 수록 서버가 평가할 조합이 많아짐.



#### not 연산자 사용

```sql
WHERE NOT (first_name = 'STEVEN' OR last_name = 'YOUNG') AND create_date > '2006-01-01'
```



* AND, OR, NOT 조건을 사용한 세 개의 조건 평가

  | 중간 결과                            | 최종 결과 |
  | ------------------------------------ | --------- |
  | WHERE NOT (true OR true) AND true    | false     |
  | WHERE NOT (true OR false) AND true   | false     |
  | WHERE NOT (false OR true) AND true   | false     |
  | WHERE NOT (false OR false) AND true  | true      |
  | WHERE NOT (true OR true) AND false   | false     |
  | WHERE NOT (true OR false) AND false  | false     |
  | WHERE NOT (false OR true) AND false  | false     |
  | WHERE NOT (false OR false) AND false | false     |

* NOT 연산자를 쓰지 않고 다시 작성하는 방법(이해 하기 좋음)

  ```sql
  WHERE first_name <> 'STEVEN' AND last_name <> 'YOUNG' AND create_date > '2006-01-01'
  ```

  



#### 조건 작성

조건을 구성하는 항목. 조건은 하나 이상의 연산자와 결합된 하나 이상의 표현식으로 구성됨.

* 표현식
  * 숫자
  * 테이블 또는 뷰의 열
  * 'Maple Street'와 같은 문자열
  * concat('Learning',  ' ', 'SQL')과 같은 내장 함수
  * 서브쿼리
  * ('Boston', 'New York'm 'Chicago')와 같은 표현식 목폭
* 조건 내에 사용되는 연산자
  * =, !=, <, >, <>, like, in 및 between과 같은 비교 연산자
  * +, -, *, /와 같은 산술 연산자



#### 조건 유형

원치 않는 데이터를 걸러내는 방법에는 여러 가지가 있음.



##### 동등 조건

열 = 표현/값 형식

```sql
title = 'RIVER OUTLAW'
fed_id = '111-11-1111'
amount = 375.25
film_id = (SELECT film_id FROM film WHERE title = 'RIVER OUTLAW')
```



이러한 조건은 특정 열과 다른 표현값을 동일시하기 때문에 **동등 조건(equality confitions)**이라고 함

```sql
SELECT c.email FROM customer c INNER JOIN rental r ON c.customer_id = r.customer_id WHERE date(r.rental_date) = '2005-06-14';

+---------------------------------------+
| email                                 |
+---------------------------------------+
| CATHERINE.CAMPBELL@sakilacustomer.org |
| JOYCE.EDWARDS@sakilacustomer.org      |
| AMBER.DIXON@sakilacustomer.org        |
| JEANETTE.GREENE@sakilacustomer.org    |
| MINNIE.ROMERO@sakilacustomer.org      |
| GWENDOLYN.MAY@sakilacustomer.org      |
| SONIA.GREGORY@sakilacustomer.org      |
| MIRIAM.MCKINNEY@sakilacustomer.org    |
| CHARLES.KOWALSKI@sakilacustomer.org   |
| DANIEL.CABRAL@sakilacustomer.org      |
| MATTHEW.MAHAN@sakilacustomer.org      |
| JEFFERY.PINSON@sakilacustomer.org     |
| HERMAN.DEVORE@sakilacustomer.org      |
| ELMER.NOE@sakilacustomer.org          |
| TERRANCE.ROUSH@sakilacustomer.org     |
| TERRENCE.GUNDERSON@sakilacustomer.org |
+---------------------------------------+
16 rows in set (0.029 sec)
```



##### 부등 조건

두 표현식이 동일하지 않을 때 사용하는 **부등조건(inequality confitions)**

```sql
SELECT c.email FROM customer c INNER JOIN rental r ON c.customer_id = r.customer_id WHERE date(r.rental_date) <> '2005-06-14';

+------------------------------------------+
| email                                    |
+------------------------------------------+
| MARY.SMITH@sakilacustomer.org            |
| MARY.SMITH@sakilacustomer.org            |
| MARY.SMITH@sakilacustomer.org            |
....
| AUSTIN.CINTRON@sakilacustomer.org        |
| AUSTIN.CINTRON@sakilacustomer.org        |
| AUSTIN.CINTRON@sakilacustomer.org        |
+------------------------------------------+
16028 rows in set (0.034 sec)
```

* 부등 조건을 구축할 때는 != 또는 <> 연산자를 사용할 수 있음.



##### 동등조건을 사용한 데이터 변경

```sql
# 대여날짜가 2004년인 행을 제거하는 것.
DELETE FROM rental WHERE year(rental_date) = 2004;

# 대여 날짜가 2005년 또는 2006년이 아닌 행을 제거하기 위해 두가지 부등 조건을 이용
DELETE FROM rental WHERE year(rental_date) <> 2005 AND year(rental_date) <> 2006;
```



##### 범위 조건

해당 식이 특정 범위 내에 있는지 확인하는 범위 조건을 작성할 수 있음. 보통 숫자 또는 시간 데이터로 작업할때 발생

```sql
# 2005년 5월 25일 이전의 모든 영화 대여 정보를 찾음.
SELECT customer_id, rental_date FROM rental WHERE rental_date < '2005-05-25';
+-------------+---------------------+
| customer_id | rental_date         |
+-------------+---------------------+
|         130 | 2005-05-24 22:53:30 |
|         459 | 2005-05-24 22:54:33 |
|         408 | 2005-05-24 23:03:39 |
|         333 | 2005-05-24 23:04:41 |
|         222 | 2005-05-24 23:05:21 |
|         549 | 2005-05-24 23:08:07 |
|         269 | 2005-05-24 23:11:53 |
|         239 | 2005-05-24 23:31:46 |
+-------------+---------------------+
8 rows in set (0.002 sec)
```



##### Between 연산자

범위에 상항과 하한 기준이 모두 있을때, 각각의 개별 조건을 사용하는 대신 다음과 같이 between 연산자를 활용하는 하나의 조건을 사용할 수 있음.

```sql
SELECT customer_id, rental_date FROM rental WHERE rental_date > '2005-06-14' AND rental_date < '2005-06-16';
# 위와 아래 쿼리는 동일
SELECT customer_id, rental_date FROM rental WHERE rental_date BETWEEN '2005-06-14' AND '2005-06-16';
# 만약 아래처럼 상한을 먼저 지정하면 데이터가 반환되지 않음.
SELECT customer_id, rental_date FROM rental WHERE rental_date BETWEEN '2005-06-16' AND '2005-06-14';
# 위의 쿼리는 아래의 경우와 같기 때문에 데이터가 반환되지 않는거임.
SELECT customer_id, rental_date FROM rental WHERE rental_date > '2005-06-16' AND rental_date < '2005-06-14';
```



##### 문자열 범위

```sql
# 아래 쿼리는 고객의 성이 FA와 FR사이에 성이 속하는 고객을 반환함
SELECT last_name, first_name FROM customer WHERE last_name BETWEEN 'FA' AND 'FR';
```

* 문자열 범위를 사용하려면 사용하는 캐릭터셋의 문자 순서를 알아야함(캐릭터셋 내에 문자가 정렬되는 순서 규칙을 **콜레이션(collation)**이라고 함)



#### 밤위내 조건

등급이 'G' 또는 'PG'인 영화를 다음과 같은 쿼리로 찾을 수 있음

```sql
SELECT title, rating FROM film WHERE rating = 'G' OR rating = 'PG';
+---------------------------+--------+
| title                     | rating |
+---------------------------+--------+
| ACADEMY DINOSAUR          | PG     |
| ACE GOLDFINGER            | G      |
| AFFAIR PREJUDICE          | G      |
....
| WORDS HUNTER              | PG     |
| WORST BANGER              | PG     |
| YOUNG LANGUAGE            | G      |
+---------------------------+--------+
372 rows in set (0.009 sec)
```



* OR연산자로 두 조건을 엮은 where절은 문제가 되진 않지만 많아진다면 문제가 생김. IN연산자를 사용하면 해결할 수 있음.

  ```sql
  SELECT title, rating FROM film WHERE rating IN ('G', 'PG');
  ```

  

##### 서브쿼리 사용

('G', 'PG')와 같은 고유한 표현식 집합을 작성하듯이 서브쿼리로 즉시 집합을 생성할 수 있음.

```sql
# 서브쿼리는 설정된 'G' 및 'PG'를 반환
SELECT title, rating FROM film WHERE rating IN (SELECT rating FROM film WHERE title LIKE '%PET%');
```



##### NOT IN 사용

특정 표현식이 표현식 집합 내에 존재하지 않는지 여부를 확인함

```sql
#PG-13, R, NC-17 등급이 앙닌 모든 영화를 찾음
SELECT title, rating FROM film WHERE rating NOT IN ('PG-13', 'R', 'NC-17');
```



#### 일치 조건

부분 문자열 일치를 처리하는 일치조건.

```sql
SELECT last_name, first_name FROM customer WHERE left(last_name, 1) = 'Q';
+-------------+------------+
| last_name   | first_name |
+-------------+------------+
| QUALLS      | STEPHEN    |
| QUINTANILLA | ROGER      |
| QUIGLEY     | TROY       |
+-------------+------------+
3 rows in set (0.002 sec)
```

left() 내장 함수를 통해 제 역할을 했지만, 큰 유연성을 제공하지는 못함.



##### 와일드카드 사용

* 부분 문자열 일치할때는 다음 사항들을 고려할 수 있음
  * 특정 문자열로 시작, 종료하는 문자열
  * 부분 분자열(substring)로 시작, 종료하는 문자열
  * 문자열 내에 특정 문자를 포함하는 문자열
  * 문자열 내에 부분 문자열을 포함하는 문자열
  * 개별 문자에 관계없이 특정 형식의 문자열



sql에서는 다음의 와일드 카드문자를 사용할 수 있음

| 와일드카드 문자 | 일치                              |
| --------------- | --------------------------------- |
| _               | 정확히 한 문자                    |
| %               | 개수에 상관없이 모든 문자(0 포함) |



검색 표현식을 활용하는 조건을 작성할 때는 like 연산자를 사용할 수 있음

```sql
# 두 번째 위치에 A, 네 번째 위치에 T를 포함하며 마지막은 S로 끝나는 문자열을 지정. 
MariaDB [sakila]> SELECT last_name, first_name FROM customer WHERE last_name LIKE '_A_T%S';
+-----------+------------+
| last_name | first_name |
+-----------+------------+
| MATTHEWS  | ERICA      |
| WALTERS   | CASSANDRA  |
| WATTS     | SHELLY     |
+-----------+------------+
3 rows in set (0.001 sec)
```



| 검색 표현식         | 해석                                              |
| ------------------- | ------------------------------------------------- |
| F%                  | F로 시작하는 문자열                               |
| %t                  | t로 끝나는 문자열                                 |
| %bas%               | 문자열 'bas'를 포함하는 문자열                    |
| _ _ t _             | 세 번째 위치에 t가 있는 4글자 문자열              |
| _ _ _ - _ _ - _ _ _ | 네 번째와 일곱 번째 위치에 -가 있는 11자리 문자열 |



```sql
# 성이 Q 또는 Y로 시작하는 모든 고객을 찾음.
SELECT last_name, first_name FROM customer WHERE last_name LIKE 'Q%' OR last_name LIKE 'Y%';
+-------------+------------+
| last_name   | first_name |
+-------------+------------+
| QUALLS      | STEPHEN    |
| QUIGLEY     | TROY       |
| QUINTANILLA | ROGER      |
| YANEZ       | LUIS       |
| YEE         | MARVIN     |
| YOUNG       | CYNTHIA    |
+-------------+------------+
6 rows in set (0.002 sec)
```



##### 정규 표현식 사용

와일드카드 문자로 유연성이 충분하지 않을 때는 정규 표현식으로 검색 식을 작성할 수 있음.

```sql
SELECT last_name, first_name FROM customer WHERE last_name REGEXP '^[QY]';
+-------------+------------+
| last_name   | first_name |
+-------------+------------+
| YOUNG       | CYNTHIA    |
| QUALLS      | STEPHEN    |
| QUINTANILLA | ROGER      |
| YANEZ       | LUIS       |
| YEE         | MARVIN     |
| QUIGLEY     | TROY       |
+-------------+------------+
6 rows in set (0.015 sec)
```



#### NULL

null은 다양한 경우가 있음

* 해당사항 없음
* 아직 알려지지 않은 값
* 정의 되지 않은 값



null은 다음 사항들을 기억해야함.

* Null일 수 있지만, null과 같을 수는 없음
* 두 개의 null은 서로 같지 않음



```sql
# 표현식이 null인지 확인하려면 is null연산자를 사용해야함
SELECT rental_id, customer_id FROM rental WHERE return_date IS NULL;

SELECT rental_id, customer_id FROM rental WHERE return_date = NULL;

# 값이 열에 할당 되었는지(= NULL이 아님) 때는 다음과 같이 됨
SELECT rental_id, customer_id, return_date FROM rental WHERE return_date IS NOT NULL;
```

