# 다중 테이블 쿼리

테이블 2개에서 하나의 테이블로 만들어 데이터를 가져오기 위해서는 조인 이라는 매커니즘이 필요함.



## 조인

#### 데카르트 곱(교차 조인 - cross join)

```sql
# join키워드 로 구분된 두 테이블을 사용해서 주소와 함께 고객의 성과 이름 조회
SELECT c.first_name, c.last_name, a.address FROM customer c JOIN address a;

+-------------+--------------+----------------------------------------+
| first_name  | last_name    | address                                |
+-------------+--------------+----------------------------------------+
| MARY        | SMITH        | 47 MySakila Drive                      |
| PATRICIA    | JOHNSON      | 47 MySakila Drive                      |
| LINDA       | WILLIAMS     | 47 MySakila Drive                      |
...
| FREDDIE     | DUGGAN       | 1325 Fukuyama Street                   |
| WADE        | DELVALLE     | 1325 Fukuyama Street                   |
| AUSTIN      | CINTRON      | 1325 Fukuyama Street                   |
+-------------+--------------+----------------------------------------+
361197 rows in set (0.175 sec)
```

* 쿼리를 어떻게 조인해야할지 지정하지 않았기 때문에 데카르트 곱인 두 테이블의 모든 순열(customer 599명 * address  603개 = 361197개)을 출력함.

#### 내부 조인

각 고객에 대해 단일 행만 반환하도록 하려면, 두 테이블이 어떤 관계인지 확인해야함

From 절에 테이블의 연결 역할을 추가해야함

```sql
SELECT c.first_name, c.last_name, a.address FROM customer c JOIN address a ON c.address_id = a.address_id;

+-------------+--------------+----------------------------------------+
| first_name  | last_name    | address                                |
+-------------+--------------+----------------------------------------+
| MARY        | SMITH        | 1913 Hanoi Way                         |
| PATRICIA    | JOHNSON      | 1121 Loja Avenue                       |
| LINDA       | WILLIAMS     | 692 Joliet Street                      |
| BARBARA     | JONES        | 1566 Inegl Manor                       |
....
| FREDDIE     | DUGGAN       | 1103 Quilmes Boulevard                 |
| WADE        | DELVALLE     | 1331 Usak Boulevard                    |
| AUSTIN      | CINTRON      | 1325 Fukuyama Street                   |
+-------------+--------------+----------------------------------------+
599 rows in set (0.002 sec)
```

한쪽 테이블에는 address_id열의 값이 있지만 다른 테이블에는 없는 경우, 해당 값을 포함하는 행에 대한 조인은 실패하고 해당 행이 이 결과에서 제외함. **이런 유형의 조인을 내부 조인이라고 하고 일반적으로 사용됨.**

**일치 여부에 상관없이 한 테이블 또는 다른 테이블의 모든 행을 포함하려면 외부조인으로 정의 해야함.**



* 내부 조인을 사용해서 두 테이블을 조인하려면 from절에 명시적으로 정의해야함.

  ```sql
  SELECT c.first_name, c.last_name, a.address FROM customer c INNER JOIN address a ON c.address_id = a.address_id;
  
  #조인 유형을 지정하지 않으면 서버는 기본적으로 내부 조인을 수행함. 하지만 여러 조인 유형이 있으므로 정확하게 정의하는 것이 좋음.
  ```

* 두 테이블 사용시 열의 이름이 같은 경우 ON 하위 절 대신에 USING 하위절을 사용할 수도 있음.

  ```sql
  SELECT c.first_name, c.last_name, a.address FROM customer c INNER JOIN address a USING(address_id);
  # using은 특정 상황에서만 사용할 수 있는 간단한 표기법 이므로 혼동을 피하려면 항상 ON하위 절을 사용하는 편이 좋음.
  ```



#### ANSI 조인 문법

```sql
# 예전에 사용하던 JOIN
SELECT c.first_name, c.last_name, a.address FROM customer c, address a WHERE c.address_id = a.address_id;
```



* 예전 조인 문법을 선호한다면 SQL92 구문을 무시할 수 있지만 ANSI 조인 문법은 다음과 같은 이점을 가짐
  * 조인 조건과 필터 조건은 이해하기 쉽게 각각 다른 절(ON절, WHERE절)로 구분됨.
  * 각 테이블 쌍에 대한 조인 조건이 ON 절에 포함되어 있으므로 조인 조건의 일부가 실수록 누락될 가능성이 낮음
  * SQL92조인 문법을 사용하는 쿼리는 표준화 되어있으므로 데이터베이스 서버 간에 이식이 가능하지만 예전 문법은 서버마다 약간씩 달라서 이식이 쉽지 않음

```sql
# 필터 조건과 조인 조건을 구분하기가 힘듦. 
SELECT c.first_name, c.last_name, a.address FROM customer c, address a WHERE c.address_id = a.address_id AND a.postal_code = 52137;

+------------+-----------+------------------------+
| first_name | last_name | address                |
+------------+-----------+------------------------+
| JAMES      | GANNON    | 1635 Kuwana Boulevard  |
| FREDDIE    | DUGGAN    | 1103 Quilmes Boulevard |
+------------+-----------+------------------------+

#SQL92 조인 구문을 사용해서 작성한 동일 쿼리
SELECT c.first_name, c.last_name, a.address FROM customer c INNER JOIN address a ON c.address_id = a.address_id WHERE a.postal = 52137; 
```



## 세 개 이상 테이블 조인

세 개 테이블 조인은 두 개 테이블을 조인하는 것과 비슷하지만 약간 다름.

```sql
# 고객의 주소가 아닌 도시를 반환하는 쿼리를 작성
SELECT c.first_name, c.last_name, ct.city FROM customer c INNER JOIN address a ON c.address_id = a.address_id INNER JOIN city ct ON a.city_id = ct.city_id;

+-------------+--------------+----------------------------+
| first_name  | last_name    | city                       |
+-------------+--------------+----------------------------+
| MARY        | SMITH        | Sasebo                     |
| PATRICIA    | JOHNSON      | San Bernardino             |
| LINDA       | WILLIAMS     | Athenai                    |
...
| FREDDIE     | DUGGAN       | Sullana                    |
| WADE        | DELVALLE     | Lausanne                   |
| AUSTIN      | CINTRON      | Tieli                      |
+-------------+--------------+----------------------------+
599 rows in set (0.002 sec)
```



> **조인 순서가 중요?**
>
> 검색하려는 항목과 포함해야 하는 데이터베이스 객체를 지정하는 건 직접하지만, 쿼리를 가장 잘 실행하는 방법을 결정하는 건 데이터베이스 서버. 데이터베이스 서버는 수집된 통계를 이용해서 셋 중 하나의 테이블을 시작점(driving table)으로 선택한 다음 나머지 테이블을 조인할 순서를 결정함. 따라서 from절에 테이블을 나열하는 순서는 중요하지 않음.
>
> 항상 쿼리의 테이블이 특정 순서로 조인되어야 할 경우, 테이블을 원하는 순서로 배치한 다음 straight_join키워드를 사용하거나, SQL 서버에서는 force order옵션을 사용하거나, Oracle에서는 ordered 또는 leading 힌트를 사용함.



```sql
#조인 순서를 강제한 위의 쿼리
SELECT STRAIGHT_JOIN c.first_name, c.last_name, ct.city FROM city ct INNER JOIN address a ON a.city_id = ct.city_id INNER JOIN customer c ON c.address_id = a.address_id;
```



#### 서브쿼리 사용

```sql
# customer 테이블을 address 및 city 테이블에 대한 서브쿼리를 이용해서 조인
SELECT c.first_name, c.last_name, addr.address, addr.city FROM customer c INNER JOIN 
(SELECT a.address_id, a.address, ct.city FROM address a INNER JOIN city ct ON a.city_id = ct.city_id WHERE a.district = 'California') addr 
ON c.address_id = addr.address_id;
```

* 서브쿼리를 사용하지 않고 단순히 세 개의 테이블을 조인해서 작성할 수도 있지만, 하나 이상의 서브쿼리를 사용하는 편이 성능 및 가독성 측면에서 유리할 수 있음



#### 테이블 재사용

여러 테이블을 조인할 경우 같은 테이블을 두 번 이상 조인해야하는 경우도 있음

```sql
# 두 명의 특정 배우가 출연한 영화 제목을 모두 찾음
SELECT f.title FROM film f INNER JOIN film_actor fa ON f.film_id = fa.film_id INNER JOIN actor a ON fa.actor_id = a.actor_id WHERE ((a.first_name = 'CATE' AND a.last_name = 'MCQUEEN') OR (a.first_name = 'CUBA' AND a.last_name = 'BIRCH'));

+----------------------+
| title                |
+----------------------+
| ATLANTIS CAUSE       |
| BLOOD ARGONAUTS      |
| COMMANDMENTS EXPRESS |
...
| VIRGIN DAISY         |
| VOLCANO TEXAS        |
| WATERSHIP FRONTIER   |
+----------------------+
```



```sql
# 두 배우가 모두 출연한 영화 검색
SELECT f.title FROM film f INNER JOIN film_actor fa1 
		ON f.film_id = fa1.film_id 
		INNER JOIN actor a1 
		ON fa1.actor_id = a1.actor_id 
		INNER JOIN film_actor fa2 
		ON f.film_id = fa2.film_id 
		INNER JOIN actor a2 
		ON fa2.actor_id = a2.actor_id 
WHERE (a1.first_name = 'CATE' AND a1.last_name = 'MCQUEEN') 
	AND	(a2.first_name = 'CUBA' AND a2.last_name = 'BIRCH');
	
SELECT f.title FROM film f INNER JOIN film_actor fa1 ON f.film_id = fa1.film_id INNER JOIN actor a1 ON fa1.actor_id = a1.actor_id INNER JOIN film_actor fa2 ON f.film_id = fa2.film_id INNER JOIN actor a2 ON fa2.actor_id = a2.actor_id WHERE (a1.first_name = 'CATE' AND a1.last_name = 'MCQUEEN') AND (a2.first_name = 'CUBA' AND a2.last_name = 'BIRCH');

+------------------+
| title            |
+------------------+
| BLOOD ARGONAUTS  |
| TOWERS HURRICANE |
+------------------+
2 rows in set (0.001 sec)
```



#### 셀프 조인

쿼리에 동일한 테이블을 한번 이상 포함도 되고, 테이블을 자기 자신과 조인할 수 도 있음.

* **일부 테이블에는 자기 참조 외래 키(self-referencing foreign key)가 포함됨**

```sql
# prequel_film_id가 열에 포함되어 있다고 가정된 상태에서 전편 제목과 더불어 전편이 있는 모든 영화 제목을 나열하는 쿼리
SELECT f.title, f_prnt.title prequel FROM film f INNER JOIN film f_prnt ON f_prnt.film_id = f.prequel_film_id WHERE f.prequel_film_id IS NOT NULL;
```



