# 집합 연산자

* 집합 연산의 종류
  * 합집합(Union):  두 데이터 셋 사이에 교차 되는 부분에 중점을 둚.
  * 교집합(Intersect): 두 집합 사이의 겹치는 영역.
  * 차집합(except): 집합 A에서 집합 B와 겹치는 부분을 뺀 결과.



### 집합 이론 실습

* 두 데이터 셋에 대한 집합 연산을 수행할 때는 다음 규칙을 적용해야함.
  * 두 데이터 셋 모두 같은 수의 열을 가져야 함
  * 두 데이터 셋의 각 열의 자료형은 서로 동일해야함(또는 서버가 서로 변환할 수 있어야 함) 

```sql
SELECT 1 num, 'abc' str UNION SELECT 9 num, 'xyz' str;
# 여러 개의 독립적인 쿼리로 구성되어 있으므로 복합 쿼리(compound query)라고 함
```



### 집합 연산자

SQL에는 다양한 집합 연산을 수행하는 세 가지 집합 연산자가 포함되어 있음.



#### union연산자

UNION 및 UNION ALL 연산자는 여러 데이터 집합을 결합할 수 있음.

* UNION: 결합된 집합을 정렬하고 중복을 제거함
* UNION ALL: 결합된 집합을 정렬하고 중복을 둠

**UNION ALL을 사용하면 최종 데이터 셋의 행 수는 항상 결합되는 집합의 행 수의 총합과 같으므로 서버 입장에서는 가장 간단한 집합 연산임**

```sql
SELECT 'CUST' typ, c.first_name, c.last_name FROM customer c UNION ALL SELECT 'ACTR' typ, a.first_name, a.last_name FROM actor a;

+------+-------------+--------------+
| typ  | first_name  | last_name    |
+------+-------------+--------------+
| CUST | MARY        | SMITH        |
| CUST | PATRICIA    | JOHNSON      |
| CUST | LINDA       | WILLIAMS     |
...
| ACTR | MARY        | KEITEL       |
| ACTR | JULIA       | FAWCETT      |
| ACTR | THORA       | TEMPLE       |
+------+-------------+--------------+
799 rows in set (0.005 sec)
```



```sql
# 이니셜이 J, D 인 사람의 이름을 반환
SELECT c.first_name, c.last_name FROM customer c WHERE c.first_name LIKE 'J%' AND c.last_name LIKE 'D%' UNION ALL SELECT a.first_name, a.last_name FROM actor a WHERE a.first_name LIKE 'J%' AND a.last_name LIKE 'D%';

+------------+-----------+
| first_name | last_name |
+------------+-----------+
| JENNIFER   | DAVIS     |
| JENNIFER   | DAVIS     |
| JUDY       | DEAN      |
| JODIE      | DEGENERES |
| JULIANNE   | DENCH     |
+------------+-----------+
5 rows in set (0.007 sec)

# 중복 제외
SELECT c.first_name, c.last_name FROM customer c WHERE c.first_name LIKE 'J%' AND c.last_name LIKE 'D%' UNION SELECT a.first_name, a.last_name FROM actor a WHERE a.first_name LIKE 'J%' AND a.last_name LIKE 'D%';

+------------+-----------+
| first_name | last_name |
+------------+-----------+
| JENNIFER   | DAVIS     |
| JUDY       | DEAN      |
| JODIE      | DEGENERES |
| JULIANNE   | DENCH     |
+------------+-----------+
4 rows in set (0.002 sec)
```



#### intersect 연산자

ANSI SQL 사양에는 교차 수행을 위한 intersect 연산자가 포함됨.(단 mysql 8.0부터는 intersect 연산자가 지원되지 않음, MariaDB는 지원함)

**복합 쿼리에서 두 쿼리가 겹치지 않는 데이터셋을 반환할 경우 intersect 연산의 결과는 비어있음.**

```sql
SELECT c.first_name, c.last_name FROM customer c WHERE c.first_name LIKE 'D%' AND c.last_name LIKE 'T%' INTERSECT SELECT a.first_name, a.last_name FROM actor a WHERE a.first_name LIKE '%D' AND a.last_name LIKE 'T%'; 

Empty set (0.001 sec)
```

**복합쿼리 에서 **



```sql
SELECT c.first_name, c.last_name FROM customer c WHERE c.first_name LIKE 'J%' AND c.last_name LIKE 'D%' INTERSECT SELECT a.first_name, a.last_name FROM actor a WHERE a.first_name LIKE 'J%' AND a.last_name LIKE 'D%';

+------------+-----------+
| first_name | last_name |
+------------+-----------+
| JENNIFER   | DAVIS     |
+------------+-----------+
1 row in set (0.001 sec)
```



**겹치는 영역의 중복 행을 제거하는 intersect 연산자와 함께 ANSI SQL사양은 중복을 제거하지 않는 intersect all 연산자를 제공함. 현재는 IBM의 DB2 유니버셜 서버만 intersect all을 구현함.**(MariaDB도 구현 됨)



#### except연산자

ANSI SQL 사양에는 except 연산을 수행하는 연산자가 포함됨.(단 mysql 8.0부터는 except 연산자를 지원하지 않음, MariaDB는 지원함, Oracle은 ANSI와 호환안되는 MINUS연산자를 사용해야함)

* Except 연산자는 첫 번째 쿼리 결과에서 두 번째 쿼리 결과와 겹치는 부분을 빼고 반환함.

```sql
SELECT a.first_name, a.last_name FROM actor a WHERE a.first_name LIKE 'J%' AND a.last_name LIKE 'D%' EXCEPT ALL SELECT c.first_name, c.last_name FROM customer c WHERE c.first_name LIKE 'J%' AND c.last_name LIKE 'D%';

+------------+-----------+
| first_name | last_name |
+------------+-----------+
| JUDY       | DEAN      |
| JODIE      | DEGENERES |
| JULIANNE   | DENCH     |
+------------+-----------+
3 rows in set (0.001 sec)
```



**ANSI SQL 사양에서 EXCEPT ALL 연산자도 정의되어 있지만, IBM의 DB2 유니버셜 서버만 EXCEPT ALL 연산자만을 지원함.**(MariaDB도 구현 됨)

* EXCEPT, EXCEPT ALL 차이
  * EXCEPT: A 집합에서 B집합을 차집합 한 것
  * EXCEPT ALL: A집합에서 B집합을 차집합 하되 A집합 B집합에 공통된 것은 포함됨



### 집합 연산 규칙

#### 복합 쿼리의 결과 정렬

복합 쿼리의 결과를 정렬하고 싶다면 order by 절을 쿼리 마지막에 추가하면 됨.

```sql
SELECT a.first_name fname, a.last_name lname FROM actor a WHERE a.first_name LIKE 'J%' AND a.last_name LIKE 'D%' UNION ALL SELECT c.first_name, c.last_name FROM customer c WHERE c.first_name LIKE 'J%' AND c.last_name LIKE 'D%' ORDER BY lname, fname;

+----------+-----------+
| fname    | lname     |
+----------+-----------+
| JENNIFER | DAVIS     |
| JENNIFER | DAVIS     |
| JUDY     | DEAN      |
| JODIE    | DEGENERES |
| JULIANNE | DENCH     |
+----------+-----------+
5 rows in set (0.005 sec)
```



여기서 ORDER BY 절에서 열 이름을 지정하면 다음과 같음

```sql
SELECT a.first_name fname, a.last_name lname FROM actor a WHERE a.first_name LIKE 'J%' AND a.last_name LIKE 'D%' UNION ALL SELECT c.first_name, c.last_name FROM customer c WHERE c.first_name LIKE 'J%' AND c.last_name LIKE 'D%' ORDER BY a.last_name, a.first_name;

ERROR 1250 (42000): Table 'a' from one of the SELECTs cannot be used in ORDER clause
# 이 문제를 피하려면 두 쿼리의 열에 서로 같은 별치 또는 이름을 정의하는 게 좋음.
```



#### 집합 연산의 순서

복합 쿼리가 서로 다른 집합 연산자를 사용하는 두 개 이상의 쿼리를 포함할 경우 원하는 결과는 얻으려면 복합 쿼리문에 쿼리를 배치할 순서를 고려해야함.

```sql
SELECT a.first_name, a.last_name FROM actor a WHERE a.first_name LIKE 'J%' AND a.last_name LIKE 'D%' UNION ALL SELECT a.first_name, a.last_name FROM actor a WHERE a.first_name LIKE 'M%' AND a.last_name LIKE 'T%' UNION SELECT c.first_name, c.last_name FROM customer c WHERE c.first_name LIKE 'J%' AND c.last_name LIKE 'D%';

+------------+-----------+
| first_name | last_name |
+------------+-----------+
| JENNIFER   | DAVIS     |
| JUDY       | DEAN      |
| JODIE      | DEGENERES |
| JULIANNE   | DENCH     |
| MARY       | TANDY     |
| MENA       | TEMPLE    |
+------------+-----------+
6 rows in set (0.001 sec)
```

* 이 복합 쿼리를 고유하지 않은 이름의 집합을 반환하는 세개의 쿼리를 포함함. UNION과 UNION ALL 연산자가 놓이는 위치에 따라 결과가 달라짐



```sql
SELECT a.first_name, a.last_name FROM actor a WHERE a.first_name LIKE 'J%' AND a.last_name LIKE 'D%' UNION SELECT a.first_name, a.last_name FROM actor a WHERE a.first_name LIKE 'M%' AND a.last_name LIKE 'T%' UNION ALL SELECT c.first_name, c.last_name FROM customer c WHERE c.first_name LIKE 'J%' AND c.last_name LIKE 'D%';

+------------+-----------+
| first_name | last_name |
+------------+-----------+
| JENNIFER   | DAVIS     |
| JUDY       | DEAN      |
| JODIE      | DEGENERES |
| JULIANNE   | DENCH     |
| MARY       | TANDY     |
| MENA       | TEMPLE    |
| JENNIFER   | DAVIS     |
+------------+-----------+
7 rows in set (0.001 sec)
```

* 세개 이상의 쿼리를 포함하는 복합 쿼리를 보통 위에서 아래로 순서대로 실행되지만. 다음의 예외 사항이 있음.
  * ANSI SQL 사양에서는 intersect연산자가 다른 집합 연산자보다는 우선 순위를 가짐.
  * 여러 쿼리를 괄호로 묶어 쿼리가 결합되는 순서를 지정할 수 있음.

MySQL에서는 복합 쿼리에서 괄호를 허용하지 않지만(MariaDB는 허용), 다른 데이터베이스 서버를 사용할 경우에는 복잡 쿼리를 괄호로 묶어 처리 순서를 재정의 할 수 있음.

```sql
SELECT a.first_name, a.last_name FROM actor a WHERE a.first_name LIKE 'J%' AND a.last_name LIKE 'D%' UNION (SELECT a.first_name, a.last_name FROM actor a WHERE a.first_name LIKE 'M%' AND a.last_name LIKE 'T%' UNION ALL SELECT c.first_name, c.last_name FROM customer c WHERE c.first_name LIKE 'J%' AND c.last_name LIKE 'D%');
```



