# 데이터 생성, 조작과 변환



### 문자열 데이터 처리

문자열 데이터를 처리할 때는 다음 문자 자료형 중 하나를 사용함.

* CHAR
  * 지정한 크기보다 문자열이 작으면 나머지 공간을 공백으로 채워주는 고정 길이 문자열 자료형
    * MySQL: 최대 255자
    * Oracle: 최대 2,000자
    * MSSQL: 최대 8,000자
* VARCHAR
  * 가변 길이 문자열 자료형
    * MySQL: 최대 65,535자
    * Oracle: 최대 4,000자
    * MSSQL 최대 8,000자
* Text(MySQL, MS-SQL) 또는 clob(Oracle)
  * 매우 큰 가변 길이의 문자열을 저장.
    * MySQL: 최대 4GB를 저장하는 다양한 텍스트 자료형(tinytest, text mediumtext, longtext)
    * Oracle: 최대 128TB의 크기를 저장하는 clob
    * MSSQL: 최대 2GB를 저장하는 text자료형

#### 문자열 생성

```sql
INSERT INTO string_tbl (char_fld, vchar_fld, text_fld) VALUES ('this is char data', 'This is varchar data', 'This is text data');
```



문자열 데이터블을 테이블에 삽입할 때, 문자열의 길이가 해당 열의 최대 크기(자료형에 허용된 최댓값 또는 지정한 최댓값)를 초과하면 서버에서 예외가 발생. 기본동작은 이렇게지만, 예외를 발생시키는 대신 문자열을 자동으로 잘라내도록 MySQL 및 MSSQL을 설정할 수 있음.

MySQL 6.0이후 기본모두는 'strict'모드이기 때문. 이전 버전 서버에서는 문자열을 최대 크기로 자르고 경고만 생성했음. 만약 예외를 발생시키지 않고 문자열을 자르고 경고를 발생시키려면 ANSI모드를 선택해야함

```sql
SELECT @@session.sql_mode

SET sql_mode='ansi'
```



#### 작은 따옴표 포함

문자열은 작은 따옴표로 구분되므로, 작은 따옴표나 아포스트로피를 포함하는 문자열을 다룰때는 주의 해야함. 아포스트로피가 문자열의 끝을 표시한다고 판단하므로 문자열을 삽일 할 수 없음.

```sql
UPDATE string_tbl SET text_fld = 'this is string doesn't work';
```



다음과 같은 방법으로 이스케이프를 할 수 있음

```sql
UPDATE string_tbl SET text_fld = ' This string didn''t work, but it does now';
```



```sql
#화면 또는 보고서에서 문자열을 검색하는 경우 문장 내에 포함된 따옴표를 처리하려고 특별한 작업을할 필요는 없음.
MariaDB [sakila]> select text_fld FROM string_tbl;

+-------------------------------------------+
| text_fld                                  |
+-------------------------------------------+
|  This string didn't work, but it does now |
+-------------------------------------------+
1 row in set (0.000 sec)
```



```sql
# 다른 프로그램에서 파일을 읽는 경우라면 문자열에 이스케이프를 포함해야할 때도 있음. 이때는 내장함수 quote()를 사용하면 됨.
SELECT quote(text_fld) FROM string_tbl;

+----------------------------------------------+
| quote(text_fld)                              |
+----------------------------------------------+
| ' This string didn\'t work, but it does now' |
+----------------------------------------------+
1 row in set (0.002 sec)
```



#### 특수 문자 포함

é같은 문자를 표시하기 위해서는 char()함수를 통해서 ASCII 캐릭터셋의 255자 내에서 문자열을 생성할 수 있음(Oracle은 chr())

```sql
MariaDB [sakila]> SELECT ' abcdefg', char(97,98,99,100,101,102,103);
+----------+--------------------------------+
| abcdefg  | char(97,98,99,100,101,102,103) |
+----------+--------------------------------+
|  abcdefg | abcdefg                        |
+----------+--------------------------------+
1 row in set (0.002 sec)

SELECT CHAR(128,120,130,131,132,133,134,135,136,137);
```



> 오라클 데이터베이스 사용자는 concat()함수 대신 연결 연산자(||)를 사용할 수 있음.
>
> SQL 서버에서는 concat()함수가 없으므로 연결 연산자(+)를 사용



##### 역으로 ASCII값을 알아내기

```sql
# ascii() 함수를 사용하면 ascii값을 돌려줌
MariaDB [sakila]> SELECT ASCII('a');
+------------+
| ASCII('a') |
+------------+
|         97 |
+------------+
1 row in set (0.000 sec)
```



#### 문자열 조작

데이터베이스 서버에는 문자열 조작을 위한 많은 내장함수가 포함되어있음.



##### length() 함수

Length()함수는 문자열의 문자 개수를 반환함(SQL 서버 사용자는 len()함수를 사용해야 함)

```sql
MariaDB [sakila]> SELECT LENGTH(char_fld) char_length, LENGTH(vchar_fld) varchar_length, LENGTH(text_fld) text_length FROM string_tbl;
+-------------+----------------+-------------+
| char_length | varchar_length | text_length |
+-------------+----------------+-------------+
|          28 |             28 |          28 |
+-------------+----------------+-------------+
1 row in set (0.001 sec)
```

문자열 저정된 열은 유형에 관계없이 모든 문자열 함수에서 동일한 결과를 반환함(varchar, char 모두 같음)



##### position()함수

```sql
SELECT POSITION('character' IN vchar_fld) FROM string_tbl;

+------------------------------------+
| POSITION('character' IN vchar_fld) |
+------------------------------------+
|                                 19 |
+------------------------------------+
1 row in set (0.002 sec)
```

'character'이 나타나는 위치를 리턴함

> 만약 없는 경우 0을 리턴함



##### locate()함수

대상 문자열의 첫 번째 문자가 아닌 특정 위치의 문자열부터 검색할때 사용

이 함수는 검색의 시작 위치를 정의하는 세 번째 매개변수를 선택적으로 허용하는 점을 제외하면 position함수와 유사함.

```sql
SELECT LOCATE('is', vchar_fld, 5) FROM string_tbl;

+----------------------------+
| LOCATE('is', vchar_fld, 5) |
+----------------------------+
|                         13 |
+----------------------------+
1 row in set (0.000 sec)
```



##### strcmp()함수

> MySQL에만 있는 함수

* strcmp()함수는 두 개의 문자열을 인수로 받고 다음 중 하나를 반환함
  * 정렬 순서에서 첫 번째 문자열이 두 번째 문자열 앞에 오는 경우 -1
  * 문자열이 동일한 경우 0
  * 정렬 순서에서 첫 번째 문자열이 두 번째 문자열 뒤에 오는 경우 1

```sql
SELECT STRCMP('12345', '12345') 12345_12345, STRCMP('abcd', 'xyz') abcd_xyz, STRCMP('qrstuv', 'QRSTUV') abcd_QRSTUV, STRCMP('12345', 'xyz') 12345_xyz, STRCMP('xyz', 'qrstuv') xyz_qrstuv;

+-------------+----------+-------------+-----------+------------+
| 12345_12345 | abcd_xyz | abcd_QRSTUV | 12345_xyz | xyz_qrstuv |
+-------------+----------+-------------+-----------+------------+
|           0 |       -1 |           0 |        -1 |          1 |
+-------------+----------+-------------+-----------+------------+
1 row in set (0.002 sec)
```



strcmp()함수와 더불어서 mySQL에서는 like와 regexp연산자를 써서 select 절의 문자열을 비교할 수 있음.

```sql
# 주어진 정규직과 일치하면 1을 반환함
SELECT name, name LIKE '%y' ends_in_y FROM category;
SELECT name, name REGEXP 'y$' ends_in_y FROM category;

+-------------+-----------+
| name        | ends_in_y |
+-------------+-----------+
| Action      |         0 |
| Animation   |         0 |
| Children    |         0 |
| Classics    |         0 |
| Comedy      |         1 |
| Documentary |         1 |
| Drama       |         0 |
| Family      |         1 |
| Foreign     |         0 |
| Games       |         0 |
| Horror      |         0 |
| Music       |         0 |
| New         |         0 |
| Sci-Fi      |         0 |
| Sports      |         0 |
| Travel      |         0 |
+-------------+-----------+
16 rows in set (0.022 sec)
```



##### concat()

concat()함수는 문자열에 문자를 추가해야할 경우에 사용할 수 있음

```sql
UPDATE string_tbl SET text_fld = CONCAT(text_fld, ', but now it is longer');
```



Oracle에서는 concat()은 불가능 따라서 다음과 같이 함

```sql
# Oracle
SELECT first_name || ' ' || last_name || 'has been a customer since ' || date(create_date) cust_narrative FROM customer;
```



##### Insert()

```sql
# 위치 9부터 시작하는 모든 문자가 오른쪽으로 밀리고 문자열 'curel'을 삽입
# 세번째 인수가 0보다 크면 해당 문자 수의 문자열이 대체 문자열로 바뀜
SELECT INSERT('goodbye world', 9, 0, 'curel ') string;

MariaDB [sakila]> SELECT INSERT('goodbye world', 9, 0, 'curel ') string;
+---------------------+
| string              |
+---------------------+
| goodbye curel world |
+---------------------+
1 row in set (0.001 sec)

# 세번째 인자가 0보다 큰 경우
SELECT INSERT('goodbye world', 1, 7, 'hello') string;

MariaDB [sakila]> SELECT INSERT('goodbye world', 1, 7, 'hello') string;
+-------------+
| string      |
+-------------+
| hello world |
+-------------+
1 row in set (0.000 sec)
```



```sql
#Oracle에서는 insert함수는 제공하지 않지만 replace 함수를 통해 바꿀 수 있음
#Oracle
SELECT REPLACE('goodbye world', 'goodbye', 'hello')

#결과
hello world

# replace() 함수는 검색 문자열의 모든 일치하는 문자열을 대체 문자열로 대체함.
```



```sql
#SQL 서버에는 Oracle과 동일한 기능을 가진 replace()함수가 포함되지만 MySQL의 insert() 함수와 유사한 기능을 가진 stuff()라는 함수도 포함됨.
#MS SQL
SELECT STUFF('hello world', 1, 5, 'goodbye cruel')

#첫번째 위치부터 5개의 문자가 제거되면서 'goodbye cruel'이 삽입됨

#결과
goodbye cruel world
```



##### substring()

부분 문자열을 추출

```sql
MariaDB [sakila]> SELECT SUBSTRING('goodbye cruel world', 9, 5);
+----------------------------------------+
| SUBSTRING('goodbye cruel world', 9, 5) |
+----------------------------------------+
| cruel                                  |
+----------------------------------------+
1 row in set (0.007 sec)
```



### 숫자 데이터 처리

일반적인 산술 연산자(+, -, *, /)는 계산할 수 있으며, 괄호로 우선 순위를 정의할 수 있음

```sql
SELECT (37 * 59) / (78 - (8 * 6));

+----------------------------+
| (37 * 59) / (78 - (8 * 6)) |
+----------------------------+
|                    72.7667 |
+----------------------------+
1 row in set (0.005 sec)

# 숫자 데이터를 저장할 때 숫자가 숫자의 열의 지정된 크기보다 크면 반올림 될 수 있음.
# float(3,1)으로 정의된 정의열에 9.96은 10.0으로 반올림 될 수 있음.
```



#### 산술 함수

##### 숫자 함수 종류

| 함수명  | 설명                     |
| ------- | ------------------------ |
| acos(x) | x의 아크 코사인을 계산   |
| asin(x) | x의 아크 사인을 계산     |
| atan(x) | x의 아크 탄젠트를 계산함 |
| cos(x)  | x의 코사인을 계산        |
| cot(x)  | x의 코탄젠트를 계산      |
| exp(x)  | e^x를 계산               |
| ln(x)   | x의 자연 로그를 계산     |
| sin(x)  | x의 사인을 계산          |
| sqrt(x) | x의 제곱근을 계산        |
| tan(x)  | x의 탄젠트를 계산        |



##### mod()

```sql
# 10을 4로 나눈 나머지
# 정수말고 실수를 입력해도 됨.
SELECT MOD(10,4);

+-----------+
| MOD(10,4) |
+-----------+
|         2 |
+-----------+
1 row in set (0.002 sec)

#MS SQL에서는 % 연산자를 사용하면됨
```



##### pow()

```sql
# 2의 8제곱
SELECT POW(2,8);

+----------+
| POW(2,8) |
+----------+
|      256 |
+----------+
1 row in set (0.005 sec)
```

```sql
SELECT POW(2,10) kilobyte, POW(2,20) megabyte, POW(2, 30) gigabyte, POW(2,40) terabyte;

+----------+----------+------------+---------------+
| kilobyte | megabyte | gigabyte   | terabyte      |
+----------+----------+------------+---------------+
|     1024 |  1048576 | 1073741824 | 1099511627776 |
+----------+----------+------------+---------------+
1 row in set (0.000 sec)
```



#### 숫자 자리수 관리

```sql
# CEIL() 함수: 올림
# FLOOR() 함수: 내림

MariaDB [sakila]> SELECT CEIL(72.445), FLOOR(72.445);
+--------------+---------------+
| CEIL(72.445) | FLOOR(72.445) |
+--------------+---------------+
|           73 |            72 |
+--------------+---------------+
1 row in set (0.003 sec)

# ROUND() 반올림: 중간점에서 반올림 하거나 내림할 수 있음
MariaDB [sakila]> SELECT ROUND(72.499999), ROUND(72.5), ROUND(72.50001); 
+------------------+-------------+-----------------+
| ROUND(72.499999) | ROUND(72.5) | ROUND(72.50001) |
+------------------+-------------+-----------------+
|               72 |          73 |              73 |
+------------------+-------------+-----------------+
1 row in set (0.001 sec)

#ROUND() 자리수 반올림 소수점 n자리로 부터 반올림
MariaDB [sakila]> SELECT ROUND(82.0909, 1), ROUND(72.0909, 2), ROUND(72.0909, 3);
+-------------------+-------------------+-------------------+
| ROUND(82.0909, 1) | ROUND(72.0909, 2) | ROUND(72.0909, 3) |
+-------------------+-------------------+-------------------+
|              82.1 |             72.09 |            72.091 |
+-------------------+-------------------+-------------------+
1 row in set (0.000 sec)

#TRUNCATE() 자리 버림
MariaDB [sakila]> SELECT TRUNCATE(72.0909, 1), TRUNCATE(72.0909, 2), TRUNCATE(72.0909, 3);
+----------------------+----------------------+----------------------+
| TRUNCATE(72.0909, 1) | TRUNCATE(72.0909, 2) | TRUNCATE(72.0909, 3) |
+----------------------+----------------------+----------------------+
|                 72.0 |                72.09 |               72.090 |
+----------------------+----------------------+----------------------+
1 row in set (0.000 sec)

#Truncate() 및 round()함수 모두 두 번째 인수에 음숫값을 허용함. 소수점 왼쪽에 있는 숫자가 잘리거나 반올림됨.
MariaDB [sakila]> SELECT ROUND(17, -1), TRUNCATE(17, -1);
+---------------+------------------+
| ROUND(17, -1) | TRUNCATE(17, -1) |
+---------------+------------------+
|            20 |               10 |
+---------------+------------------+
1 row in set (0.002 sec)

#sign() 음수면 -1, 0이면 0, 양수면 1을 반환
#abs() 값의 절대값을 반환
```



#### 시간 데이터 처리

```sql
# 시간대 확인
MariaDB [sakila]> SELECT @@global.time_zone, @@session.time_zone;
+--------------------+---------------------+
| @@global.time_zone | @@session.time_zone |
+--------------------+---------------------+
| SYSTEM             | SYSTEM              |
+--------------------+---------------------+
1 row in set (0.001 sec)

#시간대 변환 방법
SET time_zone = 'Europe/Zurich';
```



##### 시간 데이터 생성

* 시간 데이터 생성하는 법
  * 기존 date, datetime 또는 t ime 열에서 데이터 복사
  * Date, datetime 또는 time을 반환하는 내장 함수 실행
  * 서버에서 확인된 시간 데이터를 문자열로 표현



* 날짜 형식의 구성요소

  | 요소 | 정의            | 범위      |
  | ---- | --------------- | --------- |
  | YYYY | 연도, 세기 포함 | 1000~9999 |
  | MM   | 월              | 01~12     |
  | DD   | 일              | 01~31     |
  | HH   | 시간            | 00~23     |
  | HHH  | 시간(경과)      | -838~838  |
  | MI   | 분              | 00~59     |
  | SS   | 초              | 00~59     |

* 필수 날짜 구성요소

  | 자료형    | 기본형식            |
  | --------- | ------------------- |
  | date      | YYYY-MM-DD          |
  | datetime  | YYYY-MM-DD HH:MI:SS |
  | timestamp | YYYY-MM-DD HH:MI:SS |
  | time      | HHHH:MI:SS          |

  

```sql
# 대여한 영화의 반환 날짜를 수정할 때 사용하는 구문
UPDATE rental SET return_date = '2019-09-17 15:30:00' WHERE rental_id = 99999;
```



#### 문자열을 날짜로 변환

서버가  datetime 값이라고 판단할 수 없거나 기본 형식이 아닌 형식을 사용해서 datetime을 표시하는경우 서버는 문자열을 datetime으로 변환해야함. cast()함수를 써서 datetime값을 반환하는 쿼리

```sql
SELECT CAST('2019-09-17 15:30:00' AS DATETIME);

+-----------------------------------------+
| CAST('2019-09-17 15:30:00' AS DATETIME) |
+-----------------------------------------+
| 2019-09-17 15:30:00                     |
+-----------------------------------------+
1 row in set (0.002 sec)
```



```sql
SELECT CAST('2019-09-17' AS DATE) date_field, CAST('108:17:57' AS TIME) time_field;

+------------+------------+
| date_field | time_field |
+------------+------------+
| 2019-09-17 | 108:17:57  |
+------------+------------+
1 row in set (0.003 sec)
```



##### 날짜 생성 함수

문자열에서 시간 데이터를 생성해야하는데 문자열이 cast() 함수를 사용하기에 적절한 형식이 아닌 경우 날짜 문자열과 함께 형식 문자열을 제공하는 내장 함 수를 사용할 수 있음.

```sql
# MySQL에서 str_to_date()함수를 사용 가능함
UPDATE rental SET return_date = STR_TO_DATE('September 17, 2017', '%M %d, %Y') WHERE rental_id = 99999;
```

* 30개 이상의 형식 구성요소중에서도 가장 널리 사용되는 13개의 구성요소

  | 요소 | 정의                          |
  | ---- | ----------------------------- |
  | %M   | 월명(January 부터 December)   |
  | %m   | 숫자로 나타낸 월(01~12)       |
  | %d   | 숫자로 나타낸 일(01~31)       |
  | %j   | 일년 중 몇 번째 날(001 ~ 366) |
  | %W   | 요일명(Sunday ~ Saturday)     |
  | %Y   | 연도, 4자리 숫자              |
  | %y   | 연도, 2자리 숫자              |
  | %H   | 시간(00~23)                   |
  | %h   | 시간(01~12)                   |
  | %i   | 분(00~59)                     |
  | %s   | 초(00~59)                     |
  | %f   | 마이크로초(000000~999999)     |
  | %p   | 오전 또는 오후                |



##### 현재 시간

```sql
SELECT CURRENT_DATE(), CURRENT_TIME(), CURRENT_TIMESTAMP();

+----------------+----------------+---------------------+
| CURRENT_DATE() | CURRENT_TIME() | CURRENT_TIMESTAMP() |
+----------------+----------------+---------------------+
| 2021-11-09     | 06:34:51       | 2021-11-09 06:34:51 |
+----------------+----------------+---------------------+
1 row in set (0.001 sec)
```



#### 시간 데이터 조작

##### date_add()

특정 날짜에 일정 시간을 더해서 다른 날짜를 생성할 수 있음

```sql
SELECT DATE_ADD(CURRENT_DATE(), INTERVAL 5 DAY);
```

* 기간 자료형의 종류

  | 기간명        | 정의                      |
  | ------------- | ------------------------- |
  | second        | 초                        |
  | minute        | 분                        |
  | hour          | 시간                      |
  | day           | 일 수                     |
  | month         | 개월 수                   |
  | year          | 년 수                     |
  | minute_second | ':'으로 구분된 분 초      |
  | hour_second   | ':'으로 구분된 시, 분, 초 |
  | year_month    | '-'로 구분된 년, 월       |

  

```sql
UPDATE rental SET return_date = DATE_ADD(return_date, INTERVAL '3:27:11' HOUR_SECOND) WHERE rental_id = 999999;

UPDATE employee SET birth_date = DATE_ADD(birth_date, INTERVAL '9-11' YEAR_MONTH) WHERE emp_id = 4789;

# MS SQL에서는 date() 함수를 사용함
UPDATE employee SET birth_date = DATEADD(MONTH, 119, birthdate) WHERE emp_id = 4789;
```



##### last_day()

해당 달의 마지막 날짜를 반환

```sql
SELECT LAST_DAY('2019-09-17');

+------------------------+
| LAST_DAY('2019-09-17') |
+------------------------+
| 2019-09-30             |
+------------------------+
1 row in set (0.000 sec)
```



##### dayname()

해달 날짜의 요일을 반환

```sql
SELECT DAYNAME('2019-09-18');

+-----------------------+
| DAYNAME('2019-09-18') |
+-----------------------+
| Wednesday             |
+-----------------------+
1 row in set (0.001 sec)
```



##### extract() - 이것을 변형해서 사용하는 것을 권장(SQL: 2003 표준의 일부이며 Oracle에도 포함됨)

```sql
SELECT EXRACT(YEAR FROM '2019-09-18 22:19;05');

# SQL 서버에는 extract()함수는 없지만 datepart() 함수가 포함되어있음
## SQL 서버
SELECT DATEPART(YEAR, GETDATE())
```



##### datediff()

두 개의 날짜 값을 가져와 두 날짜의 사이의 기간(년, 주, 일)을 계산함

```sql
SELECT DATEDIFF('2019-06-21', '2019-09-03');

+--------------------------------------+
| DATEDIFF('2019-06-21', '2019-09-03') |
+--------------------------------------+
|                                  -74 |
+--------------------------------------+
1 row in set (0.000 sec)

#MSSQL의 경우엔 년, 월, 일, 시간을 지정할 수 있음
SELECT DATEDIFF(DAY, '2019-06-21', '2019-09-03');
```



##### cast()

SQL:2003 표준에 포함되며 MySQL, Oracle, MSSQL에서 모두 구현되어있음

```sql
# 문자열을 정수로 변환하는 예제
SELECT CAST('1456328' AS SIGNED INTEGER);
+-----------------------------------+
| CAST('1456328' AS SIGNED INTEGER) |
+-----------------------------------+
|                           1456328 |
+-----------------------------------+
1 row in set (0.000 sec)

# 만약 문자열에 숫자가 아닌 문자가 있으면 오류없이 변환이 중지됨.
SELECT CAST('999ABC111' AS UNSIGNED INTEGER);
+---------------------------------------+
| CAST('999ABC111' AS UNSIGNED INTEGER) |
+---------------------------------------+
|                                   999 |
+---------------------------------------+
1 row in set, 1 warning (0.000 sec)

#경고는 다음과 같이 뜸
+---------+------+------------------------------------------------+
| Level   | Code | Message                                        |
+---------+------+------------------------------------------------+
| Warning | 1292 | Truncated incorrect INTEGER value: '999ABC111' |
+---------+------+------------------------------------------------+
1 row in set (0.000 sec)

```

