# 그룹화와 집계

```sql
# customer_id별로 대여 개수를 출력
SELECT customer_id, count(*) FROM rental GROUP BY customer_id;
+-------------+----------+
| customer_id | count(*) |
+-------------+----------+
|           1 |       32 |
|           2 |       27 |
...
|         596 |       28 |
|         597 |       25 |
|         598 |       22 |
|         599 |       19 |
+-------------+----------+
599 rows in set (0.033 sec)

# 만약 이중에 40개 미만의 영화 대여 고객은 제외하려고 할 때, Where 절을 쓰는 경우
# where 절이 적용된 뒤 group by 절이 실행되므로, where절에 필터조건을 추가할 수 없음
SELECT customer_id, count(*) FROM rental WHERE COUNT(*) >= 40 GROUP BY customer_id;
ERROR 1111 (HY000): Invalid use of group function

#따라서 having절 안에 그룹 필터 조건을 넣어야함
SELECT customer_id, count(*) FROM rental GROUP BY customer_id HAVING count(*) >= 40;

+-------------+----------+
| customer_id | count(*) |
+-------------+----------+
|          75 |       41 |
|         144 |       42 |
|         148 |       46 |
|         197 |       40 |
|         236 |       42 |
|         469 |       40 |
|         526 |       45 |
+-------------+----------+
7 rows in set (0.004 sec)
```



### 집계 함수

집계 함수는 그룹의 모든 행에 대해 특정 연산을 수행함. 

* 대부분의 서버에서 가지고 있는 공통 집계함수
  * max(): 집합 내의 최대값을 반환
  * min(): 집합의 최소값을 반환
  * avg(): 집합 내의 평균값을 반환
  * sum(): 집합의 총합을 반환
  * count(): 집합의 전체 레코드 수를 반환

```sql
SELECT MAX(amount) max_amt, MIN(amount) min_amt, AVG(amount) avg_amt, SUM(amount) tot_amt, COUNT(*) num_payments FROM payment;

+---------+---------+----------+----------+--------------+
| max_amt | min_amt | avg_amt  | tot_amt  | num_payments |
+---------+---------+----------+----------+--------------+
|   11.99 |    0.00 | 4.200667 | 67416.51 |        16049 |
+---------+---------+----------+----------+--------------+
1 row in set (0.022 sec)
```



#### 명시적 그룹과 암시적 그룹

위의 쿼리는 반환값이 모두 집계 함수에 의해 생성됨. group by 절이 없으로 단일 암시적 그룹 결과.



##### 만약 각 고객에 대해서 동일한 5개의 집계함수를 실행해야한다면?

```sql
SELECT customer_id, MAX(amount) max_amt, MIN(amount) min_amt, AVG(amount) avg_amt, SUM(amount) tot_amt, COUNT(*) num_payments FROM payment;

# MySQL에서는 오류가 나야하는데 MariaDB는 아래와 같이 실행됨.
# MySQL에서는 customer_id에 대해서 집계화가 안됐다가 오류가 나야함. SELECT list nonaggregated column
+-------------+---------+---------+----------+----------+--------------+
| customer_id | max_amt | min_amt | avg_amt  | tot_amt  | num_payments |
+-------------+---------+---------+----------+----------+--------------+
|           1 |   11.99 |    0.00 | 4.200667 | 67416.51 |        16049 |
+-------------+---------+---------+----------+----------+--------------+
1 row in set (0.011 sec)


#올바른 쿼리
#group by를 통해 명시적으로 그룹화를 시킴
SELECT customer_id, MAX(amount) max_amt, MIN(amount) min_amt, AVG(amount) avg_amt, SUM(amount) tot_amt, COUNT(*) num_payments FROM payment GROUP BY customer_Id;
+-------------+---------+---------+----------+---------+--------------+
| customer_id | max_amt | min_amt | avg_amt  | tot_amt | num_payments |
+-------------+---------+---------+----------+---------+--------------+
|           1 |    9.99 |    0.99 | 3.708750 |  118.68 |           32 |
|           2 |   10.99 |    0.99 | 4.767778 |  128.73 |           27 |
|           3 |   10.99 |    0.99 | 5.220769 |  135.74 |           26 |
...
|         597 |    8.99 |    0.99 | 3.990000 |   99.75 |           25 |
|         598 |    7.99 |    0.99 | 3.808182 |   83.78 |           22 |
|         599 |    9.99 |    0.99 | 4.411053 |   83.81 |           19 |
+-------------+---------+---------+----------+---------+--------------+
599 rows in set (0.025 sec)
```



#### 고유한 값 계산

count()함수를 사용할 때, 그룹의 모든 customer_id 수를 계산할지 아니면 모든 customer_id 중에 고유한 값에 대해서 계산할지를 선택할 수 있음.

```sql
#첫번째 열은 단순히 payment테이블의 행 수를 계산하는 반면
#두번째 열은 customer_id의 값을 비교해서 고유한 값을 가지는 customer_id의 수만 계산함
SELECT COUNT(customer_id) num_rows, COUNT(DISTINCT customer_id) num_customers FROM payment;



+----------+---------------+
| num_rows | num_customers |
+----------+---------------+
|    16049 |           599 |
+----------+---------------+
1 row in set (0.009 sec)
```



#### 표현식 사용

함수를 집계할 때는 인수로 열 이외에 표현식으로 사용할 수 있음.

```sql
SELECT MAX(DATEDIFF(return_date, rental_date)) FROM rental;

+-----------------------------------------+
| MAX(DATEDIFF(return_date, rental_date)) |
+-----------------------------------------+
|                                      10 |
+-----------------------------------------+
1 row in set (0.008 sec)
```



#### NULL 처리 방법

집계를 하거나 모든 유형의 숫자를 계산할 때는 항상 null값이 계산 결과에 어떤 영향을 미칠지 고려해야함.

```sql
SELECT COUNT(*) num_rows, COUNT(val) num_vals, SUM(val) total, MAX(val) max_val, AVG(val) avg_val FROM number_tbl;

+----------+----------+-------+---------+---------+
| num_rows | num_vals | total | max_val | avg_val |
+----------+----------+-------+---------+---------+
|        3 |        3 |     9 |       5 |  3.0000 |
+----------+----------+-------+---------+---------+
1 row in set (0.000 sec)

#만약 해당 테이블에 null값을 하나 삽입한다면?
+----------+----------+-------+---------+---------+
| num_rows | num_vals | total | max_val | avg_val |
+----------+----------+-------+---------+---------+
|        4 |        3 |     9 |       5 |  3.0000 |
+----------+----------+-------+---------+---------+
1 row in set (0.000 sec)

# null값을 테이블에 추가해도 함수들이 null 값을 만나면 무시하므로 sum(), max(), avg()함수는 이전 쿼리와 동일한 값을 반환.
# count(val) 함수는 3을 반환하지만 count(*)은 4를 반환함.
```



### 그룹 생성

#### 단일 열 그룹화

단일 열 그룹은 가장 단순하고 자주 사용되는 그룹화 유형

```sql
SELECT actor_id, count(*) FROM film_actor GROUP BY actor_id;

+----------+----------+
| actor_id | count(*) |
+----------+----------+
|        1 |       19 |
|        2 |       25 |
|        3 |       22 |
...
|      198 |       40 |
|      199 |       15 |
|      200 |       20 |
+----------+----------+
200 rows in set (0.002 sec)
```



#### 다중 열 그룹화

경우에 따라서는 하나 이상의 열을 이용해서 그룹을 생성해야함.

```sql
SELECT fa.actor_id, f.rating, count(*) FROM film_actor fa INNER JOIN film f ON fa.film_id = f.film_id GROUP BY fa.actor_id, f.rating ORDER BY 1,2;

+----------+--------+----------+
| actor_id | rating | count(*) |
+----------+--------+----------+
|        1 | G      |        4 |
|        1 | PG     |        6 |
|        1 | PG-13  |        1 |
...
|      200 | PG-13  |        2 |
|      200 | R      |        6 |
|      200 | NC-17  |        4 |
+----------+--------+----------+
```



#### 그룹화와 표현식

열을 사용해서 데이터를 그룹화하는 것 외에도, 표현식으로 생성한 값 기반으로 구룹을 만들 수 있음.

```sql
# 연도별로 대여를 그룹화하는 쿼리
SELECT extract(YEAR FROM rental_date) year, COUNT(*) how_many FROM rental GROUP BY extract(YEAR FROM rental_date);

+------+----------+
| year | how_many |
+------+----------+
| 2005 |    15862 |
| 2006 |      182 |
+------+----------+
2 rows in set (0.006 sec)
```



#### 롤업 생성

MariaDB에선 안되네?(다시 작성)

```sql
# 각 배우/등급 조합의 총합과 더불어 각 개별 배우의 총합도 원한다고 가정했을때
# 가져와서 프로그래밍으로 추가 계산을 할 수 있지만 with rollup옵션을 사용할 수도 있음.
SELECT fa.actor_id, f.rating, COUNT(*) FROM film_actor fa INNER JOIN film f ON fa.film_id = f.film_id GROUP BY fa.actor_id, f.rating WITH ROLLUP ORDER BY 1, 2;
```





#### 그룹 필터 조건

데이터를 그룹화할 때는 생성된 후에 데이터에 필터 조건을 적용할 수도 있음. Having절에 이러한 유형의 필터 조건을 넣어주면 됨.

```sql
# 두 가지 필터 조건이 있음.
# where 절에서 G또는 PG이외의 등급을 가진 영화를 걸러냄
# having절에서 10개 미만의 영화에 출연한 배우를 걸러냄

SELECT fa.actor_id, f.rating, count(*) FROM film_actor fa INNER JOIN film f ON fa.film_id = f.film_id WHERE f.rating IN ('G', 'PG') GROUP BY fa.actor_id, f.rating HAVING count(*) > 9;

+----------+--------+----------+
| actor_id | rating | count(*) |
+----------+--------+----------+
|        7 | G      |       10 |
|       14 | G      |       10 |
|       17 | G      |       12 |
|       26 | PG     |       11 |
|       37 | PG     |       12 |
|       44 | PG     |       12 |
|       83 | G      |       14 |
|       92 | PG     |       12 |
|      102 | PG     |       11 |
|      111 | PG     |       15 |
|      129 | G      |       12 |
|      133 | PG     |       10 |
|      137 | PG     |       10 |
|      147 | PG     |       10 |
|      158 | PG     |       10 |
|      180 | PG     |       12 |
+----------+--------+----------+
16 rows in set (0.003 sec)
```



