# 서브쿼리



서브쿼리는 네 개의 SQL 데이터를 구문에서 모두 사용할 수 있는 강력한 도구

### 서브쿼리

다른 구문에 포함한 쿼리. 항상 괄호 안에 들어가며 먼저실행 됨.

* 서브쿼리는 다음 요소를 포함함
  * 단일 열을 가진 단일 행
  * 단일 열을 가진 다중 행
  * 다중 열을 가진 다중 행

서브쿼리 결과에 할당된 메모리는 실행 완료 후에 해제함

```sql
SELECT customer_id, first_name, last_name FROM customer WHERE customer_id (SELECT MAX(customer_id) FROM customer);
```



### 서브쿼리 

* 서브쿼리의 종류
  * 비상관 서브쿼리: 일부 서브쿼리는 완전히 독립적으로 실행 됨.
  * 상관 서브쿼리: 포함 구문의 열을 참조



#### 비상관 서브쿼리

단독으로 실행될 수 있으며 포함 구문에서 아무것도 참조하지 않은 쿼리. update나 delete문을 사용하지 않는 한, 이런 유형의 서브쿼리를 가장 많이 사용함

```sql
# 스칼라 서브쿼리로 알려진 이러한 유형의 서브 쿼리는 일반적인 연산자(=, <>, <, >, <=, >=)를 사용하여 조건의 양쪽에 기술할 수 있음
SELECT city_id, city FROM city WHERE country_id <> (SELECT country_id FROM country WHERE country = 'India');
```



만약 서브쿼리가 둘 이상의 행을 반환하면 오류가 발생함. 예를 들어 서브쿼리가 인도를 제외한 모든 국가를 반환하도록 이전 쿼리를 수정하면 다음과 같은 오류가 발생함

```sql
SELECT city_id, city FROM city WHERE country_id <> (SELECT country_id FROM country WHERE country <> 'INDIA');

ERROR 1242 (21000): Subquery returns more than 1 row

#서브쿼리를 단독으로 실행하면
SELECT country_id FROM country WHERE country <> 'INDIA'
+------------+
| country_id |
+------------+
|          1 |
|          2 |
|          3 |
...
|        107 |
|        108 |
|        109 |
+------------+
108 rows in set (0.001 sec)
```



#### 단일 열을 가진 다중 행을 반환하는 서브쿼리

서브 쿼리가 두 개 이상의 행을 반환하는 경우, 동등조건을 사용할 수 없음. 이런 유형의 서브쿼리와 함께 조건을 작성할 수 있는 4개의 추가 연산자가 있음.



##### in연산자와 not in 연산자

하나의 값을 값 집합과 동등하게 비교할 수는 없지만 값 집합 내에서 하나의 값을 찾을 수 있는지 여부는 확인할 수 있음.

```sql
SELECT country_id FROM country WHERE country IN ('Canada', 'Mexico');

+------------+
| country_id |
+------------+
|         20 |
|         60 |
+------------+
2 rows in set (0.003 sec)

# 다음 쿼리와 동일함
SELECT country_id FROM country WHERE country = 'Canada' OR country = 'Mexico';
+------------+
| country_id |
+------------+
|         20 |
|         60 |
+------------+
2 rows in set (0.002 sec)

#하지만 조건이 많아지면 쿼리가 엄청 길어지기 때문에 위 방식이 선호됨.
```



```sql
#캐나다 또는 멕시코의 모든 도시를 표시하는 쿼리
SELECT city_id, city FROM city WHERE country_id IN (SELECT country_id FROM country WHERE country IN ('Canada', 'Mexico'));
+---------+----------------------------+
| city_id | city                       |
+---------+----------------------------+
|     179 | Gatineau                   |
|     196 | Halifax                    |
|     300 | Lethbridge                 |
...
|     556 | Uruapan                    |
|     563 | Valle de Santiago          |
|     595 | Zapopan                    |
+---------+----------------------------+
37 rows in set (0.014 sec)

#반대로 포함하지 않는 것은 NOT IN을 사용함
#캐나다 또는 멕시코에 없는 모든 도시를 표시하는 쿼리
SELECT city_id, city FROM city WHERE country_id IN (SELECT country_id FROM country WHERE country NOT IN ('Canada', 'Mexico'));
+---------+----------------------------+
| city_id | city                       |
+---------+----------------------------+
|     251 | Kabul                      |
|      59 | Batna                      |
|      63 | Bchar                      |
...
|     280 | Kragujevac                 |
|     368 | Novi Sad                   |
|     272 | Kitwe                      |
+---------+----------------------------+
563 rows in set (0.002 sec)
```



##### All 연산자

ALL 연산자를 사용하면 한 집합의 한 집합의 모든 값과 하나의 값을 비교할 수 있음(all연산자와 =, <>, <, >)

```sql
SELECT first_name, last_name FROM customer WHERE customer_id <> ALL (SELECT customer_id FROM payment WHERE amount = 0);
+-------------+--------------+
| first_name  | last_name    |
+-------------+--------------+
| MARY        | SMITH        |
| PATRICIA    | JOHNSON      |
| LINDA       | WILLIAMS     |
...
| FREDDIE     | DUGGAN       |
| WADE        | DELVALLE     |
| AUSTIN      | CINTRON      |
+-------------+--------------+
576 rows in set (0.006 sec)

#위와 같은 쿼리를 NOT IN으로 구현할 경우(이것이 더 이하기 편함)
SELECT first_name, last_name FROM customer WHERE customer_id NOT IN (SELECT customer_id FROM payment WHERE amount = 0);
```



> not in 또는 <> all을 사용해서 하나의 값을 집합 내의 값들과 비교할 경우. 집합에 null 값을 포함하지 않도록 주의해야함. 각 멤버와 비교하는데 null값과 비교하면 unknown이 발생하기 때문
>
> ```sql
> SELECT first_name, last_name FROM customer WHERE customer_id NOT IN (122, 452, NULL);
> ```



```sql
# 북미의 모든 고객에 대한 총 영화 대여 횟수를 반환하고, 포함 쿼리는 총 영화 대여 횟수가 북미 고객의 대여 횟수를 초과하는 모든 고객을 반환
SELECT customer_id, count(*) FROM rental GROUP BY customer_id HAVING count(*) > ALL (SELECT count(*) FROM rental r INNER JOIN customer c ON r.customer_id = c.customer_id INNER JOIN address a ON c.address_id = a.address_id INNER JOIN city ct ON a.city_id = ct.city_id INNER JOIN country co ON ct.country_id = co.country_id WHERE co.country IN ("United States", "Mexico", "canada") GROUP BY r.customer_id);

+-------------+----------+
| customer_id | count(*) |
+-------------+----------+
|         148 |       46 |
+-------------+----------+
1 row in set (0.042 sec)
```



##### any 연산자

all 연사자와 마찬가지로 값 집합의 멤버와 하나의 값을 비교할 수 있음

```sql
# 볼리비아, 파라과이와 칠레의 모든 고객에 대한 총 영화 대여료를 반환하고, 포함 쿼리는 이 세 국자 중 어느 한 곳에서라도 더 많은 대여료를 지불한 모든 고객을 반환함.
SELECT customer_id, SUM(amount) FROM payment GROUP BY customer_id HAVING SUM(amount) > ANY (SELECT SUM(p.amount) FROM payment p INNER JOIN customer c ON p.customer_id = c.customer_id INNER JOIN address a ON c.address_id = a.address_id INNER JOIN city ct ON a.city_id = ct.city_id INNER JOIN country co ON ct.country_id = co.country_id WHERE co.country IN ('Bolivia', 'Paraguay', 'Chile') GROUP BY co.country);

+-------------+-------------+
| customer_id | SUM(amount) |
+-------------+-------------+
|         137 |      194.61 |
|         144 |      195.58 |
|         148 |      216.54 |
|         178 |      194.61 |
|         459 |      186.62 |
|         526 |      221.55 |
+-------------+-------------+
6 rows in set (0.04 sec)

# = any 는 in 연산자를 사용한 것과 같음
```



##### 다중 열 서브 쿼리

상황에 따라서 둘 이상의 열을 반환하는 다중 열 서브쿼리를 사용해야할 수도 있음

```sql
# 성이 Monroe인 모든 배우와 PG 등급인 모든 영화를 찾기 위한 서브쿼리
# 포함쿼리는 Monroe라는 배우가 PG영화에 출연한 모든 사례를 검색

SELECT fa.actor_id, fa.film_id FROM film_actor fa WHERE fa.actor_id IN (SELECT actor_id FROM actor WHERE last_name = 'MONROE') AND fa.film_id IN (SELECT film_id FROM film WHERE rating = 'PG');


SELECT actor_id, film_id FROM film_actor WHERE (actor_id, film_id) IN (SELECT a.actor_id, f.film_id FROM actor a CROSS JOIN film f WHERE a.last_name = 'MONROE' AND f.rating = 'PG');

+----------+---------+
| actor_id | film_id |
+----------+---------+
|      120 |      63 |
|      120 |     144 |
|      120 |     414 |
|      120 |     590 |
|      120 |     715 |
|      120 |     894 |
|      178 |     164 |
|      178 |     194 |
|      178 |     273 |
|      178 |     311 |
|      178 |     983 |
+----------+---------+
11 rows in set (0.00 sec)

# 첫 번쨰 쿼리와 두번째 쿼리는 동일한 기능을 수행하는데
# 첫 번째 쿼리는 두개의 서브쿼리를, 두번째는 하나의 서브쿼리를 사용하되 교차조인을 사용함.
```





#### 상관 서브쿼리

서브 쿼리는 포함 구문과 독립적. 서브쿼리만으로 실행할 수 있고 결과를 확인할 수 있음.

그에 반해 상관 서브쿼리를 하나 이상의 열을 참조하는 포함 구문에 의존적임.

```sql
#상관 서브쿼리로 각 고객의 영화 대여 횟수를 계산한 다음, 정확히 20편의 영화를 대여한 고객 검색
SELECT c.first_name, c.last_name FROM customer c WHERE 20 = (SELECT count(*) FROM rental r WHERE r.customer_id = c.customer_id);

+------------+-------------+
| first_name | last_name   |
+------------+-------------+
| LAUREN     | HUDSON      |
| JEANETTE   | GREENE      |
| TARA       | RYAN        |
| WILMA      | RICHARDS    |
| JO         | FOWLER      |
| KAY        | CALDWELL    |
| DANIEL     | CABRAL      |
| ANTHONY    | SCHWAB      |
| TERRY      | GRISSOM     |
| LUIS       | YANEZ       |
| HERBERT    | KRUGER      |
| OSCAR      | AQUINO      |
| RAUL       | FORTIER     |
| NELSON     | CHRISTENSON |
| ALFREDO    | MCADAMS     |
+------------+-------------+
15 rows in set (0.02 sec)
```

서브쿼리 맨 끝의 c.customer_id에 대한 참조는 서브쿼리를 상호 연관시킴. 포함 쿼리를 서브 쿼리를 실행하려면 c.customer_id값을 제공해야함.

이 경우 포함 쿼리는 customer테이블에서 599개 행을 모두 검색하고 각 고객에 대해 한번씩 서브 쿼리를 실행해서 해당 하는 고객 ID를 전달함.

> 상관 서브쿼리는 포함 쿼리의 각 행에 대해 한 번씩 실행되므로 포함 쿼리가 많은 행을 반환할 경우 상관 서브쿼리를 사용하면 성능문제가 생길 수 있음.



##### exists 연산자

상관 서브쿼리로 조건을 작성할 때 가장 일반적으로 사용되는 연산자, 수량에 관계없이 관계가 존재하는지 확인하고자 exists 연산자를 사용함

```sql
# 2005년 5월 25일 이전에 한 편이상의 영화를 대여한 모든 고객을 찾음
SELECT c.first_name, c.last_name FROM customer c WHERE EXISTS (SELECT 1 FROM rental r WHERE r.customer_id = c.customer_id AND DATE(r.rental_date) < '2005-05-25');

+------------+-------------+
| first_name | last_name   |
+------------+-------------+
| CHARLOTTE  | HUNTER      |
| DELORES    | HANSEN      |
| MINNIE     | ROMERO      |
| CASSANDRA  | WALTERS     |
| ANDREW     | PURDY       |
| MANUEL     | MURRELL     |
| TOMMY      | COLLAZO     |
| NELSON     | CHRISTENSON |
+------------+-------------+
8 rows in set (0.01 sec)
```

* SELECT 절에는 하나의 리터럴(1)로 되어있음. 포함 쿼리의 조건은 반환된 행 수만 알면 되므로, 서브쿼리가 반환한 실제 데이터에는 상관하지 않음.

```sql
# 바로 위의 쿼리는 아래와 같이 해도 상관이 없음
SELECT c.first_name, c.last_name FROM customer c WHERE EXISTS (SELECT r.rental_date, r.customer_id, 'ABCD' str, 2 * 3 / 7 nmbr FROM rental r WHERE r.customer_id = c.customer_id AND DATE(r.rental_date) < '2005-05-25');

+------------+-------------+
| first_name | last_name   |
+------------+-------------+
| CHARLOTTE  | HUNTER      |
| DELORES    | HANSEN      |
| MINNIE     | ROMERO      |
| CASSANDRA  | WALTERS     |
| ANDREW     | PURDY       |
| MANUEL     | MURRELL     |
| TOMMY      | COLLAZO     |
| NELSON     | CHRISTENSON |
+------------+-------------+
8 rows in set (0.03 sec)
```

**하지만 exists 연산자를 사용할 때는 SELECT 1 이나 SELECT * 를 정의하는 게 규칙!!!!**

```sql
# NOT EXISTS를 사용해서 아무 아무 행도 반환하지 않는 서브 쿼리를 확인하는 쿼리
SELECT a.first_name, a.last_name FROM actor a WHERE NOT EXISTS (SELECT 1 FROM film_actor fa INNER JOIN film f ON f.film_id = fa.film_id WHERE fa.actor_id = a.actor_id AND f.rating = 'R');

+------------+-----------+
| first_name | last_name |
+------------+-----------+
| JANE       | JACKMAN   |
+------------+-----------+
1 row in set (0.03 sec)
```



##### 상관 서브쿼리를 이용한 데이터 조작

select 문 외에 update, delete, insert 문제서도 사용되며 update문과 delete문에서 자주 쓰임.

```sql
# customer 테이블에서 last_update 열을 수정할 때 쓰는 상관 서브 쿼리 예시.
# rental 테이블에서 각 고객의 최신 대여 날짜를 찾아 customer 테이블의 모든 last_update 행을 수정
UPDATE customer c SET c.last_name = (SELECT MAX(r.rental_date) FROM rental r WHERE r.customer_id = c.customer_id);
```



상관 쿼리와 함께 where 절을 통해 null로 덮어쓰이는 것을 보호하는 쿼리

```sql
UPDATE customer c SET c.last_update = (SELECT max(r.rental_date) FROM rental r WHERE r.customer_id = c.customer_id) WHERE EXISTS (SELECT 1 FROM rental r WHERE r.customer_id = c.customer_id);
```



지난 365일간 영화를 대여하지 않은 고객의 행을 customer 테이블에서 제거하는 쿼리

```sql
#mysql 에서는 delete문에 별칭이 허용되지 않음
DELETE FROM customer WHERE 365 < ALL (SELECT DATEDIFF(now(), r.rental_date) days_since_last_rental FROM rental r WHERE r.customer_id = customer.customer_id;
```



#### 서브쿼리를 사용

##### Datasource 로서의 서브쿼리

```sql
# 서브쿼리에 pymnt라는 이름이 정의되고 customer 테이블과 조인됨.
SELECT c.first_name, c.last_name, pymnt.num_rentals, pymnt.tot_payments FROM customer c INNER JOIN (SELECT customer_id, COUNT(*) num_rentals, sum(amount) tot_payments FROM payment GROUP BY customer_id) pymnt ON c.customer_id = pymnt.customer_id;
```

>from 절에서 사용되는 서브쿼리는 비 상관 관계여야 함. 서브 쿼리가 먼저 실행되고 포함쿼리가 실행을 완료할때까지 데이터는 메모리에 보관됨. 서브쿼리는 사용 가능한 테이블 집합을 훨씬 넘어서 원하는 데이터의 모든 뷰를 만든 다음  그 결과를 다른 테이블 또는 서브쿼리에 조인할 수 있으므로 쿼리를 작성할 때 탁월한 유연성을 제공함.

##### 데이터 구성

서브쿼리를 사용하면 기존 데이터를 요약할 수 있을 뿐만 아니라 데이터베이스에 존재하지 않는 데이터를 생성할 수도 있음.

고객 지불 그룹

| 그룹명        | 하한    | 상한             |
| ------------- | ------- | ---------------- |
| Small Fry     | 0달러   | 74.99달러        |
| Average Joes  | 75달러  | 149.99달러       |
| Heavy Hitters | 150달러 | 9,999,999.99달러 |



```sql
# 고객 지불 그룹
SELECT 'Small Fry' name, 0 low_limit, 74.99 high_limit
UNION ALL
SELECT 'Average Joes' name, 75 low_limit, 149.99 high_limit
UNION ALL
SELECT 'Heavy Hitters' name, 150 low_limit, 9999999.99 high_limit

+---------------+-----------+------------+
| name          | low_limit | high_limit |
+---------------+-----------+------------+
| Small Fry     |         0 |      74.99 |
| Average Joes  |        75 |     149.99 |
| Heavy Hitters |       150 | 9999999.99 |
+---------------+-----------+------------+
3 rows in set (0.00 sec)
```



```sql
#고객 지불 그룹을 이용해서 영화 대여에 지불한 금액을 기준으로 고객을 그룹화
SELECT pymnt_grps.name, COUNT(*) num_customers FROM (SELECT customer_id, COUNT(*) num_rentals, SUM(amount) tot_payments FROM payment GROUP BY customer_id) pymnt INNER JOIN (SELECT 'Small Fry' name, 0 low_limit, 74.99 high_limit UNION ALL SELECT 'Average Joes' name, 75 low_limit, 149.99 high_limit UNION ALL SELECT 'Heavy Hitters' name, 150 low_limit, 9999999.99 high_limit) pymnt_grps ON pymnt.tot_payments BETWEEN pymnt_grps.low_limit AND pymnt_grps.high_limit GROUP BY pymnt_grps.name;
```



##### 태스크 지향 쿼리

```sql
# 각 고객의 이름, 도시, 총 대여수, 총 지불액을 보여주는 쿼리
SELECT c.first_name, c.last_name, ct.city, SUM(p.amount) tot_payments, COUNT(*) tot_rentals FROM payment p INNER JOIN customer c ON p.customer_id = c.customer_id INNER JOIN address a ON c.address_id = a.address_id INNER JOIN city ct ON a.city_id = ct.city_id GROUP BY c.first_name, c.last_name, ct.city;

+-------------+--------------+----------------------------+--------------+-------------+
| first_name  | last_name    | city                       | tot_payments | tot_rentals |
+-------------+--------------+----------------------------+--------------+-------------+
| JULIE       | SANCHEZ      | A Corua (La Corua)         |       107.71 |          29 |
| PEGGY       | MYERS        | Abha                       |        96.76 |          24 |
| TOM         | MILNER       | Abu Dhabi                  |       107.68 |          32 |
...
| BYRON       | BOX          | Zhezqazghan                |       120.71 |          29 |
| GUY         | BROWNLEE     | Zhoushan                   |       159.68 |          32 |
| RONNIE      | RICKETTS     | Ziguinchor                 |       100.75 |          25 |
+-------------+--------------+----------------------------+--------------+-------------+
599 rows in set (0.06 sec)
```

위의 쿼리에 customer,address, city 테이블은 결과에서 보여주는 용도만으로 이용하며 그룹화에 필요한 데이터는 payment 테이블에있음. 따라서 그룹 생성을 서브쿼리로 분리하면 다음과 같이할 수 있음.

```sql
# payment 테이블을 통해 그룹 생성에 필요한 테이블 생성
SELECT customer_id, COUNT(*) tot_rentals, SUM(amount) tot_payments FROM payment GROUP BY customer_id;

+-------------+-------------+--------------+
| customer_id | tot_rentals | tot_payments |
+-------------+-------------+--------------+
|           1 |          32 |       118.68 |
|           2 |          27 |       128.73 |
|           3 |          26 |       135.74 |
...
|         597 |          25 |        99.75 |
|         598 |          22 |        83.78 |
|         599 |          19 |        83.81 |
+-------------+-------------+--------------+
599 rows in set (0.01 sec)
```



```sql
#위의 쿼리를 통해서 다른 세 테이블을 조인.
SELECT c.first_name, c.last_name, ct.city, pymnt.tot_payments, pymnt.tot_rentals FROM (SELECT customer_id, COUNT(*) tot_rentals, SUM(amount) tot_payments FROM payment GROUP BY customer_id) pymnt INNER JOIN customer c ON pymnt.customer_id = c.customer_id INNER JOIN address a ON c.address_id = a.address_id INNER JOIN city ct ON a.city_id = ct.city_id;

+-------------+--------------+----------------------------+--------------+-------------+
| first_name  | last_name    | city                       | tot_payments | tot_rentals |
+-------------+--------------+----------------------------+--------------+-------------+
| JULIE       | SANCHEZ      | A Corua (La Corua)         |       107.71 |          29 |
| PEGGY       | MYERS        | Abha                       |        96.76 |          24 |
| TOM         | MILNER       | Abu Dhabi                  |       107.68 |          32 |
...
| BYRON       | BOX          | Zhezqazghan                |       120.71 |          29 |
| GUY         | BROWNLEE     | Zhoushan                   |       159.68 |          32 |
| RONNIE      | RICKETTS     | Ziguinchor                 |       100.75 |          25 |
+-------------+--------------+----------------------------+--------------+-------------+
599 rows in set (0.06 sec)

# 이 쿼리는 여러 개의 긴 문자열 열(customer.first_name, customer.last_name, city.city) 대신 단일 숫자열 (customer_id)에서 그룹화가 수행되므로 더 빨리 실행될 수 있음.
```



##### 공통 테이블 표현식(CTE) - MySQL에서는 8.0부터

CTE는 WITH절 쿼리의 맨 위에 표시되는 서브쿼리로, 쉼표로 구분된 여러 CTE를 포함할 수 있음.

```sql
WITH actors_s AS (SELECT actor_id, first_name, last_name FROM actor WHERE last_name LIKE 'S%'), actor_s_pg AS (SELECT s.actor_id, s.first_name, s.last_name, f.film_id, f.title FROM actors_s s INNER JOIN film_actor fa ON s.actor_id = fa.actor_id INNER JOIN film f ON f.film_id = fa.film_id WHERE f.rating = 'PG'), actor_s_pg_revenue AS (SELECT spg.first_name, spg.last_name, p.amount FROM actor_s_pg spg INNER JOIN inventory i ON i.film_id = spg.film_id INNER JOIN rental r ON i.inventory_id = r.inventory_id INNER JOIN payment p ON r.rental_id = p.rental_id) SELECT spg_rev.first_name, spg_rev.last_name, SUM(spg_rev.amount) tot_revenue FROM actor_s_pg_revenue spg_rev GROUP BY spg_rev.first_name, spg_rev.last_name ORDER BY 3 DESC;

+------------+-------------+-------------+
| first_name | last_name   | tot_revenue |
+------------+-------------+-------------+
| NICK       | STALLONE    |      692.21 |
| JEFF       | SILVERSTONE |      652.35 |
| DAN        | STREEP      |      509.02 |
| GROUCHO    | SINATRA     |      457.97 |
| SISSY      | SOBIESKI    |      379.03 |
| JAYNE      | SILVERSTONE |      372.18 |
| CAMERON    | STREEP      |      361.00 |
| JOHN       | SUVARI      |      296.36 |
| JOE        | SWANK       |      177.52 |
+------------+-------------+-------------+
9 rows in set (0.01 sec)
```

> CTE는 가장뒤에서 소비를 해줘야 함. 제일 뒤 SELECT문을 통해서 소비를 하지 않으면 오류가남.

* **표현식 생성시로서의 서브쿼리**

  **Datasource 로서의 서브쿼리**를  서브쿼리를 사용하도록 위의 쿼리를 수정한 내용


  ```sql
  # 위의 쿼리
  SELECT c.first_name, c.last_name, pymnt.num_rentals, pymnt.tot_payments FROM customer c INNER JOIN (SELECT customer_id, COUNT(*) num_rentals, sum(amount) tot_payments FROM payment GROUP BY customer_id) pymnt ON c.customer_id = pymnt.customer_id;
  
  # 수정 됨
  SELECT (SELECT c.first_name FROM customer c WHERE c.customer_id = p.customer_id) first_name, (SELECT c.last_name FROM customer c WHERE c.customer_id = p.customer_id) last_name, (SELECT ct.city FROM customer c INNER JOIN address a ON c.address_id = a.address_id INNER JOIN city ct ON a.city_id = ct.city_id WHERE c.customer_id = p.customer_id) city, SUM(p.amount) tot_payments, COUNT(*) tot_rentals FROM payment p GROUP BY p.customer_id;
  ```

  * 이전 쿼리와의 두 가지 주요한 차이점이 있음
    * customer, address, city 테이블을 지불 데이터에 조인하는 대신, 상관 관계가 있는 스칼라 서브쿼리를 SELECT 절에 사용해서 고객의 이름/성과 도시를 조회함.
    * customer 테이블에는 한 번만 액세스 하지 않고 세번 (세 개의 서브쿼리에서 각각 한 번씩) 액세스 함
