# 조인 심화

## 외부 조인

```sql
#
두 테이블을 조인해서 각 영화의 대여 가능한 사본 수를 계산.
SELECT f.film_id, f.title, COUNT(*) num_copies
FROM film f
         INNER JOIN inventory i ON f.film_id = i.film_id
GROUP BY f.film_id, f.film_id, f.title;

+---------+-----------------------------+------------+
| film_id | title                       | num_copies |
+---------+-----------------------------+------------+
|       1 | ACADEMY DINOSAUR            |          8 |
|       2 | ACE GOLDFINGER              |          3 |
|       3 | ADAPTATION HOLES            |          4 |
...
|     998 | ZHIVAGO CORE                |          2 |
|     999 | ZOOLANDER FICTION           |          5 |
|    1000 | ZORRO ARK                   |          8 |
+---------+-----------------------------+------------+
958 rows in set (0.01 sec)
```

영화마다 한 행씩 총 1,000개의 행이 반환되지 않고 958개만 반환됨. 쿼리가 조인 조건을 충족하는 행만 반환하는 내부 조인을 사용했기 때문. 영화 Alice Fanatasia는 inventory 테이블에 행이
없기 때문에 결과에 표시되지 않음.

```sql
SELECT f.film_id, f.title, COUNT(i.inventory_id) num_copies
FROM film f
         LEFT OUTER JOIN inventory i ON f.film_id = i.film_id
GROUP BY f.film_id, f.title;

+---------+-----------------------------+------------+
| film_id | title                       | num_copies |
+---------+-----------------------------+------------+
|       1 | ACADEMY DINOSAUR            |          8 |
|       2 | ACE GOLDFINGER              |          3 |
|       3 | ADAPTATION HOLES            |          4 |
...
|     998 | ZHIVAGO CORE                |          2 |
|     999 | ZOOLANDER FICTION           |          5 |
|    1000 | ZORRO ARK                   |          8 |
+---------+-----------------------------+------------+
1000 rows in set (0.01 sec)
```

* 위 2개의 쿼리의 차이점은 다음과 같음
    * 조인 정의가 inner에서 left outer로 변경되었음. 이때 서버의 조인의 왼쪽에 있는 테이블(film)의 모든 행을 포함하고, 조인이 성공하면 조인의 오른쪽에 있는 테이블(inventory)의 열을
      포함함.
    * num_copies 열에 대한 정의가 count(*)에서 count(i.inventory_id)로 변경되었기 떄문에 inventory.inventory_id 열의 값이 null이 아닌 것만 카운팅 함.

```sql
#
인벤토리에 남아있는 것을 INNER JOIN을 통해서 조회한 결과
SELECT f.film_id, f.title, i.inventory_id
FROM film f
         INNER JOIN inventory i ON f.film_id = i.film_id
WHERE f.film_id BETWEEN 13 AND 15;

+---------+--------------+--------------+
| film_id | title        | inventory_id |
+---------+--------------+--------------+
|      13 | ALI FOREVER  |           67 |
|      13 | ALI FOREVER  |           68 |
|      13 | ALI FOREVER  |           69 |
|      13 | ALI FOREVER  |           70 |
|      15 | ALIEN CENTER |           71 |
|      15 | ALIEN CENTER |           72 |
|      15 | ALIEN CENTER |           73 |
|      15 | ALIEN CENTER |           74 |
|      15 | ALIEN CENTER |           75 |
|      15 | ALIEN CENTER |           76 |
+---------+--------------+--------------+
10 rows in set (0.00 sec)

# 인벤토리에 남아있는 것을 LEFT OUTER JOIN 을 통해서 조회한 결과
SELECT f.film_id, f.title, i.inventory_id
FROM film f
         LEFT OUTER JOIN inventory i ON f.film_id = i.film_id
WHERE f.film_id BETWEEN 13 AND 15;

+---------+----------------+--------------+
| film_id | title          | inventory_id |
+---------+----------------+--------------+
|      13 | ALI FOREVER    |           67 |
|      13 | ALI FOREVER    |           68 |
|      13 | ALI FOREVER    |           69 |
|      13 | ALI FOREVER    |           70 |
|      14 | ALICE FANTASIA |         NULL |
|      15 | ALIEN CENTER   |           71 |
|      15 | ALIEN CENTER   |           72 |
|      15 | ALIEN CENTER   |           73 |
|      15 | ALIEN CENTER   |           74 |
|      15 | ALIEN CENTER   |           75 |
|      15 | ALIEN CENTER   |           76 |
+---------+----------------+--------------+
11 rows in set (0.00 sec)
```

위의 같은 쿼리를 통해서 조인 조건을 만족하는 행이 없는 경우에도 해당 열의 값을 추가한다는 것을 볼 수 있음. 조인조건이 실패하면 외부 조인 테이블에서 조회된 모든 열의 값은 NULL이 됨.

### 왼쪽 vs 오른쪽 외부 조인

LEFT 키워드는 조인의 왼쪽에 있는 테이블이 결과셋의 행 수를 결정하는 방면, 오른쪽에 테이블은 일치하는 항목이 발견될 떄마다 열 값을 제공되는데 사용됨.

```sql
#
위의 쿼리를 RIGHT OUTER JOIN을 사용하도록 수정한 쿼리
SELECT f.film_id, f.title, i.inventory_id
FROM inventory i
         RIGHT OUTER JOIN film f ON f.film_id = i.film_id
WHERE f.film_id BETWEEN 13 AND 15;

+---------+----------------+--------------+
| film_id | title          | inventory_id |
+---------+----------------+--------------+
|      13 | ALI FOREVER    |           67 |
|      13 | ALI FOREVER    |           68 |
|      13 | ALI FOREVER    |           69 |
|      13 | ALI FOREVER    |           70 |
|      14 | ALICE FANTASIA |         NULL |
|      15 | ALIEN CENTER   |           71 |
|      15 | ALIEN CENTER   |           72 |
|      15 | ALIEN CENTER   |           73 |
|      15 | ALIEN CENTER   |           74 |
|      15 | ALIEN CENTER   |           75 |
|      15 | ALIEN CENTER   |           76 |
+---------+----------------+--------------+
11 rows in set (0.00 sec)
```

LEFT와 RIGHT 키워드는 데이터에 NULL이 있을 수 있는 테이블을 서버에 알려주는 역할을 함. 테이블 A와 B를 외부 조인하고 싶을 떄, 서로 일치하는 데이터가 있을 때마다 A의 모든 행과 B의 추가적인 열을
함께 가져오고 싶다면 A LEFT OUTER JOIN B 또는 B RIGHT OUTER JOIN B를 지정할 수 있음
> 오른쪽 외부 조인은 거의 발생하지 않으며, 모든 데이터베이스 서버에서 해당 조인을 지원하지는 않으므로 항상 왼쪽 조인을 사용하는게 좋음. OUTER 키워드는 선택사항이므로 A LEFT JOIN B로 사용해도 되지만 명확성을 위해 OUTER 를 포함하는걸 권장함
>
> JOIN 만 사용시 = INNER JOIN
>
> OUTER RIGHT JOIN, OUTER LEFT JOIN = OUTER JOIN
>
> RIGHT JOIN = RIGHT OUTER JOIN
>
> LEFT JOIN = LEFT OUTER JOIN

### 3방향 외부 조인

경우에 따라서는 한 테이블을 다른 두 테이블과 외부 조인할 수 있음. 세 개의 테이블을 외부조인하는 것을 3방향 외부조인(three-way outer join)라고 함.

```sql
SELECT f.film_id, f.title, i.inventory_id, r.rental_date
FROM film f
         LEFT OUTER JOIN inventory i ON f.film_id = i.film_id
         LEFT OUTER JOIN rental r ON i.inventory_id = r.inventory_id
WHERE f.film_id BETWEEN 13 AND 15;

+---------+----------------+--------------+---------------------+
| film_id | title          | inventory_id | rental_date         |
+---------+----------------+--------------+---------------------+
|      13 | ALI FOREVER    |           67 | 2005-07-31 18:11:17 |
|      13 | ALI FOREVER    |           67 | 2005-08-22 21:59:29 |
|      13 | ALI FOREVER    |           68 | 2005-07-28 15:26:20 |
|      13 | ALI FOREVER    |           68 | 2005-08-23 05:02:31 |
|      13 | ALI FOREVER    |           69 | 2005-08-01 23:36:10 |
|      13 | ALI FOREVER    |           69 | 2005-08-22 02:12:44 |
|      13 | ALI FOREVER    |           70 | 2005-07-12 10:51:09 |
|      13 | ALI FOREVER    |           70 | 2005-07-29 01:29:51 |
|      13 | ALI FOREVER    |           70 | 2006-02-14 15:16:03 |
|      14 | ALICE FANTASIA |         NULL | NULL                |
|      15 | ALIEN CENTER   |           71 | 2005-05-28 02:06:37 |
|      15 | ALIEN CENTER   |           71 | 2005-06-17 16:40:03 |
|      15 | ALIEN CENTER   |           71 | 2005-07-11 05:47:08 |
|      15 | ALIEN CENTER   |           71 | 2005-08-02 13:58:55 |
|      15 | ALIEN CENTER   |           71 | 2005-08-23 05:13:09 |
|      15 | ALIEN CENTER   |           72 | 2005-05-27 22:49:27 |
|      15 | ALIEN CENTER   |           72 | 2005-06-19 13:29:28 |
|      15 | ALIEN CENTER   |           72 | 2005-07-07 23:05:53 |
|      15 | ALIEN CENTER   |           72 | 2005-08-01 05:55:13 |
|      15 | ALIEN CENTER   |           72 | 2005-08-20 15:11:48 |
|      15 | ALIEN CENTER   |           73 | 2005-07-06 15:51:58 |
|      15 | ALIEN CENTER   |           73 | 2005-07-30 14:48:24 |
|      15 | ALIEN CENTER   |           73 | 2005-08-20 22:32:11 |
|      15 | ALIEN CENTER   |           74 | 2005-07-27 00:15:18 |
|      15 | ALIEN CENTER   |           74 | 2005-08-23 19:21:22 |
|      15 | ALIEN CENTER   |           75 | 2005-07-09 02:58:41 |
|      15 | ALIEN CENTER   |           75 | 2005-07-29 23:52:01 |
|      15 | ALIEN CENTER   |           75 | 2005-08-18 21:55:01 |
|      15 | ALIEN CENTER   |           76 | 2005-06-15 08:01:29 |
|      15 | ALIEN CENTER   |           76 | 2005-07-07 18:31:50 |
|      15 | ALIEN CENTER   |           76 | 2005-08-01 01:49:36 |
|      15 | ALIEN CENTER   |           76 | 2005-08-17 07:26:47 |
+---------+----------------+--------------+---------------------+
32 rows in set (0.01 sec)
```

## 교차 조인

데카르트곱은 우연히 자주 사용되지만(조인 조건 추가를 까먹은 경우) 그리 일반적이진 않음. 두 테이블의 데카르트 곱을 생헝하려 한다면, 다음과 같이 교차 조인을 지정해야함.

```sql
#
language테이블과 category 테이블에 대한 데카르트 곱을 생성하였기에 (16개 category행 * 6개 language행) = 96개 행을 반환함.
SELECT c.name category_name, l.name language_name
FROM category c
         CROSS JOIN language l;

+---------------+---------------+
| category_name | language_name |
+---------------+---------------+
| Action        | German        |
| Action        | French        |
| Action        | Mandarin      |
...
| Travel        | Mandarin      |
| Travel        | Japanese      |
| Travel        | Italian       |
| Travel        | English       |
+---------------+---------------+
```

## 자연 조인

자연 조인은 여러 테이블에서 동일한 열 이름을 사용해서 적절한 조인 조건을 추론

```sql
SELECT c.first_name, c.last_name, date (r.rental_date)
FROM customer c NATURAL JOIN rental r;

Empty
set (0.03 sec)
```

사용자가 자연 조인을 지정했으므로 서버는 테이블 정의를 검사하고 조인 조건 r.customer_id = c.customer_id를 추가해서 조인했음. 하지만 last_update 열이 포함되어 있으므로
r.last_update = c.last_update도 추가함. 따라서 데이터를 반환하지 않음

```sql
#
서브쿼리를 활용해서 열을 제한해 데이터를 반환하게 하는 방법
SELECT cust.first_name, cust.last_name, DATE (r.rental_date)
FROM (SELECT customer_id, first_name, last_name FROM customer ) cust NATURAL JOIN rental r;

+-------------+--------------+----------------------+
| first_name  | last_name    | DATE (r.rental_date) |
+-------------+--------------+----------------------+
| MARY        | SMITH        | 2005-05-25           |
| MARY        | SMITH        | 2005-05-28           |
| MARY        | SMITH        | 2005-06-15           |
...
| AUSTIN      | CINTRON      | 2005-08-23           |
| AUSTIN      | CINTRON      | 2005-08-23           |
| AUSTIN      | CINTRON      | 2005-08-23           |
+-------------+--------------+----------------------+
16044 rows in set (0.03 sec)
```
