# 뷰

데이터베이스를 설계할 때 테이블을 비공개로 유지하고 사용자가 뷰 집합을 통해서만 데이터에 접근할 수 있게 하여 유사한 결과를 얻을 수 있음.

## 뷰

뷰는 단순히 데이터를 쿼리하기 위한 메커니즘. 테이블과 달리 뷰는 데이터 스토리지가 포함되지 않으므로 디스크 공간을 차지할 우려가 없음. SELECT 문에 이름을 지정한 다음 다른 사용자가 사용할 수 있도록 쿼리를
저장하여 뷰를 만듦. 그런 다음 다른 사용자는 테이블을 직접 쿼리하듯 뷰를 사용하여 데이터에 엑세스 할 수 있음(사용자는 뷰를 사용중인지도 모를 수 있음)

customer테이블의 이메일 주소를 부분적으로 숨기려고 할떄. 마케팅 부서는 프로모션 홍보를 위해 이메일 주소에 엑세스 해야할 수도 있지만 그 외의 경우에는 업체의 개인정보 보호 정책에 따라 이 데이터를 안전하게
유지해야함. 따라서 customer 테이블에 직접 엑세스 하는 대신 customer_vw라는 뷰를 정의하고, 마케팅 담당자를 제외한 모든 직원은 이를 사용하여 고객 데이터에 액세스 해야함

```sql
CREATE VIEW customer_vw (customer_id, first_name, last_name, email) AS
SELECT customer_id, first_name, last_name, CONCAT(SUBSTR(email, 1, 2), '*****', SUBSTR(email, -4)) email
FROM customer;
```

쿼리의 첫 줄에서는 뷰의 열 이름이 나열되고 기본 테이블의 열 이름과 다를 수 있음. 쿼리의 두번째 부분은 SELECT 문이며, 뷰의 각 열에 대해 하나의 표현식을 포함해야함.

뷰를 작성하는 CREATE VIEW 문이 실행될 때 데이터베이스 서버는 나중에 사용하기 위해 뷰 정의를 지정함. 쿼리는 실행되지 않으며 데이터가 검색되거나 저장되지 않음. 뷰가 생성되면 사용자는 테이블과 마찬가지로 뷰를 쿼리할 수 있음

```sql
SELECT first_name, last_name, email
FROM customer_vw;

+-------------+--------------+-------------+
| first_name  | last_name    | email       |
+-------------+--------------+-------------+
| MARY        | SMITH        | MA*****.org |
| PATRICIA    | JOHNSON      | PA*****.org |
| LINDA       | WILLIAMS     | LI*****.org |
...
| FREDDIE     | DUGGAN       | FR*****.org |
| WADE        | DELVALLE     | WA*****.org |
| AUSTIN      | CINTRON      | AU*****.org |
+-------------+--------------+-------------+
599 rows in set (0.00 sec)
```

사용자 입장에서 볼 때 뷰는 테이블과 똑같음. 뷰에서 사용할 수 있는 열을 알고 싶으면 MySQL(또는 Oracle)의 describe 명령어로 열을 확인할 수 있음
```sql
DESCRIBE customer_vw;

+-------------+-------------------+------+-----+---------+-------+
| Field       | Type              | Null | Key | Default | Extra |
+-------------+-------------------+------+-----+---------+-------+
| customer_id | smallint unsigned | NO   |     | 0       |       |
| first_name  | varchar(45)       | NO   |     | NULL    |       |
| last_name   | varchar(45)       | NO   |     | NULL    |       |
| email       | varchar(57)       | YES  |     | NULL    |       |
+-------------+-------------------+------+-----+---------+-------+
4 rows in set (0.01 sec)
```

뷰를 통해 쿼리할때 GROUP BY, HAVING 및 ORDER BY로 SELECT 문의 절을 자유롭게 하용할 수 있음
```sql
SELECT first_name, COUNT(*), MIN(last_name), max(last_name)
FROM customer_vw
WHERE first_name LIKE 'J%'
GROUP BY first_name
HAVING COUNT(*) > 1
ORDER BY 1;

+------------+----------+----------------+----------------+
| first_name | COUNT(*) | MIN(last_name) | max(last_name) |
+------------+----------+----------------+----------------+
| JAMIE      |        2 | RICE           | WAUGH          |
| JESSIE     |        2 | BANKS          | MILAM          |
+------------+----------+----------------+----------------+
2 rows in set (0.01 sec)
```

쿼리 내에서 다른 테이블 또는 다른 뷰에 뷰를 조인할 수도 있음
```sql
# 영화 대여에 11달러 이상을 지불한 고객을 찾기 위해 customer_vw뷰를 payment 테이블에 조인함
SELECT cv.first_name, cv.last_name, p.amount
FROM customer_vw cv
         INNER JOIN payment p on cv.customer_id = p.customer_id
WHERE p.amount >= 11;

+------------+-----------+--------+
| first_name | last_name | amount |
+------------+-----------+--------+
| KAREN      | JACKSON   |  11.99 |
| VICTORIA   | GIBSON    |  11.99 |
| VANESSA    | SIMS      |  11.99 |
| ALMA       | AUSTIN    |  11.99 |
| ROSEMARY   | SCHMIDT   |  11.99 |
| TANYA      | GILBERT   |  11.99 |
| RICHARD    | MCCRARY   |  11.99 |
| NICHOLAS   | BARFIELD  |  11.99 |
| KENT       | ARSENAULT |  11.99 |
| TERRANCE   | ROUSH     |  11.99 |
+------------+-----------+--------+
10 rows in set (0.01 sec)
```


## 뷰를 사용하는 이유

### 데이터 보안

테이블을 만들고 사용자가 쿼리할 수 있도록 허용하면 테이블의 모든 열과 모든 행에 액세스할 수 있음. 이러한 데이터를 모든 사용자에게 노출하는 것은 좋지 않을 뿐더러, 업체의 개인정보 보호 정책이나 법을 위반할 수도
있음. 이러한 상황에 가장 적합한 방법은 테이블을 비공개로 유지하고(사용자에게 SELECT 권한을 부여하지 않고) 중요한 열을 생략하거나 숨기는 하나 이상의 뷰를 만드는 것. 뷰의 정의에 WHERE 절을 추가하여
사용자 집합이 액세스할 수 있는 행을 제한할 수도 있음

```sql
# 이 뷰를 마케팅 부서에 제공하면 뷰의 where 절에 있는 조건이 항상 쿼리에 포함되므로 비활성 고객에게 정보를 내보내지 않을 수 있음.
CREATE VIEW active_customer_vw
    (customer_id, first_name, last_name, email) AS
SELECT customer_id, first_name, last_name, CONCAT(SUBSTR(email, 1, 2), '*****', SUBSTR(email, -4)) email
FROM customer
WHERE active = 1;
```

> 오라클 데이터 베이스 사용자는 테이블의 행과 열을 모두 보호할 수 있는 또 다른 옵션인 가상 사설 데이터베이스(VPD: virtual private database)를 사용할 수 있음. 
> VPD를 사용하면 테이블에 정책을 연결할 수 있고, 서버는 필요한 경우 사용자의 쿼리를 수정하여 정책을 시행할 수 있음.
> 영업 및 마케팅 부서의 구성원이 활성 고객만 볼 수 있는 정책을 제정하면 active = 1 조건이 customer 테이블에 대한 모든 쿼리에 적용됨
 
### 데이터 집계
리포팅 애플리케이션에서는 보통 집계된 데이터가 필요함. 뷰는 데이터를 사전 집계하여 데이터베이스에 저장하는 것처럼 보일 수 있는 좋은 방법임
```sql
CREATE VIEW sales_by_film_category
AS
SELECT c.name AS category, SUM(p.amount) AS total_sales
FROM payment AS p
         INNER JOIN rental r on p.rental_id = r.rental_id
         INNER JOIN inventory i on r.inventory_id = i.inventory_id
         INNER JOIN film f on i.film_id = f.film_id
         INNER JOIN film_category fc on f.film_id = fc.film_id
         INNER JOIN category c on fc.category_id = c.category_id
GROUP BY c.name
ORDER BY total_sales DESC;
```

이 접근 방식을 사용하면 데이터베이스 설계자로서 상당한 유용성을 얻을 수 있음. 뷰로 데이터를 집계하는 대신 테이블에서 미리 집계하는 편이 쿼리 성능이 크게 향상될 것으로 판단되는 경우,
film_category_sales 테이블을 생성하고 집계된 데이터를 로드한 다음 sales_by_film_category 뷰 정의를 수정하여 이 테이블에서 데이터를 검색할 수 있음. 이후
sales_by_film_category뷰를 사용하는 모든 쿼리는 새로운 film_category_sales 테이블에서 데이터를 검색하므로 사용자가 쿼리를 수정하지 않고도 성능이 향상됨.

### 복잡성 숨기기
뷰를 구현하는 일반적인 이유 중 하나는 최종 사용자를 복잡성으로부터 보호하려는 것. 보고서 설계자는 데이터를 수집하기 위해 6개의 테이블을 탐색하는 대신 다음과 같은 뷰를 제공할 수 있음.
```sql
CREATE VIEW film_stats AS
SELECT f.film_id,
       f.title,
       f.description,
       f.rating,
       (SELECT c.name
        FROM category c
                 INNER JOIN film_category fc on c.category_id = fc.category_id
        WHERE fc.film_id = f.film_id)                                    category_name,
       (SELECT COUNT(*) FROM film_actor fa WHERE fa.film_id = f.film_id) num_actors,
       (SELECT COUNT(*) FROM inventory i WHERE i.film_id = f.film_id)    inventorty_cnt,
       (SELECT COUNT(*)
        FROM inventory i
                 INNER JOIN rental r on i.inventory_id = r.inventory_id
        WHERE i.film_id = f.film_id)                                     num_rentals
FROM film f;
```

6개의 서로 다른 테이블의 데이터를 뷰를 통해서 검색할 수 있지만, 쿼리의 FROM 정에는 하나의 테이블(film)만 있음. 나머지 5개의 테이블의 데이터는 스칼라 서브쿼리를 사용하여 생성됨. 누군가 이 뷰를
사용하지만 category_name, num_actors, inventory_cnt 또는 num_rentals 열을 참조하지 않으면 서브쿼리가 실행되지 않음. 이 접근 방식을 사용하면 나머지 5개의 다른 테이블을
불필요하게 조인하지 않고도 film 테이블에서 설명 정보를 제공할 때 뷰를 사용할 수 있음(뷰를 통해 사용되는 열에 해당하는 서브쿼리만 실행 됨)


### 분할 데이터의 조인

일부 데이터베이스는 설계 시에 성능을 높이고자 큰 테이블을 여러 조각으로 나눔. 예를 들어 payment 테이블이 커지면 설계자는 이 테이블을 최근 6개월 데이터를 보유하는 payment_current테이블과, 최근
6개월 이전의 모든 데이터를 보유하는 payment_historic 테이블로 나눌 수 있음. 만약 고객이 특정 고객에 대한 모든 결제 내역을 보려면 두 테이블을 모두 조회해야함. 그러나 두 테이블을 모두 쿼리하고
결과를 결합하는 뷰를 작성하면 모든 결제 데이터가 마치 단일 테이블에 저장 된 것처럼 보일 수 있음.

```sql
CREATE VIEW payment_all (payment_id, customer_id, staff_id, rental_id, amount, payment_date, last_update) AS
SELECT payment_id, customer_id, staff_id, rental_id, amount, payment_date, last_update
FROM payment_historic
UNION ALL
SELECT payment_id, customer_id, staff_id, rental_id, amount, payment_date, last_update
FROM payment_current;
```
이 경우 뷰를 사용하면 모든 데이터베이스 사용자가 쿼리를 수정할 필요 없이 설계자가 기본 데이터의 구조를 변경할 수 있으므로 좋은 방법임.

## 갱신 가능한 뷰

데이터 검색에 사용할 뷰 집합을 사용자에게 제공하는 상황에서 사용자도 동일한 데이터를 수정해야한다면? UPDATE 또는 INSERT 문을 사용하여 기본 테이블을 직접 수정하도록 하는 것은 좀 이상함
이런 경우 MySQL, Oracle, MQL Server에서는 특정 제한사항을 준수하는 하나의 뷰를 통해 데이터를 수정할 수 있음

* 뷰를 업데이트할 수 있는 제한 조건
  * MAX(), MIN(), AVG() 등의 집계 함수가 사용되지 않음.
  * 뷰에는 GROUP BY 또는 HACING 절을 사용하지 않음
  * SELECT 또는 FROM 절에 서브쿼리가 없으며 WHERE 절의 서브쿼리를 FROM 절의 테이블을 참조하지 않음
  * 뷰는 UNION, UNION ALL 또는 DISTINCT를 사용하지 않음
  * FROM 절에는 최소한 하나 이상의 테이블 또는 개싱 가능한 뷰가 포함됨
  * FROM 절은 테이블이나 뷰가 둘 이상 있는 경우 INNER JOIN만 사용

### 단순한 뷰 업데이트
```sql
CREATE VIEW customer_vw (customer_id, first_name, last_name, email) AS
SELECT customer_id, first_name, last_name, CONCAT(SUBSTR(email, 1, 2), '*****', SUBSTR(email, -4)) email
FROM customer;
```

customer_vw뷰는 단일 테이블을 쿼리하며 4개의 열 중 하나만 표현식을 통해서 파생됨. 뷰의 정의가 제한사항을 위반하지 않으므로 이 정의를 통해 customer 테이블의 데이터를 수정할 수 있음

```sql
# 뷰를 통해 데이터 수정
UPDATE customer_vw SET last_name = 'SMITH-ALLEN' WHERE customer_id = 1;

Query OK, 1 row affected (0.00 sec)
Rows matched: 1  Changed: 1  Warnings: 0

# 변경된 데이터 확인
SELECT first_name, last_name, email
FROM customer
WHERE customer_id = 1;

+------------+-------------+-------------------------------+
| first_name | last_name   | email                         |
+------------+-------------+-------------------------------+
| MARY       | SMITH-ALLEN | MARY.SMITH@sakilacustomer.org |
+------------+-------------+-------------------------------+
1 row in set (0.00 sec)
```

email 열은 표현식에서 파생되므로 수정할 수 없음

```sql
UPDATE customer_vw
SET email = 'MARY.SMITH-ALLEN@sakilacustomer.org'
WHERE customer_id = 1;

ERROR 1348 (HY000): Column 'email' is not updatable
```

이 경우 뷰를 만든 주된 이유는 email 주소를 숨기는 것으로 문제가 없음.
파샐 열이 포함된 뷰는 파생 열이 구문에 포함되지 않더라도 데이터 삽입에 사용할 수 없음.
```sql
# customer_vw를 사용해서 customer_id, first_name 및 last_name 열만 채우는 쿼리
INSERT INTO customer_vw (customer_id, first_name, last_name)
VALUES (99999, 'ROBERT', 'SIMPSON')

ERROR 1471 (HY000): The target table customer_vw of the INSERT is not insertable-into
```

### 복잡한 뷰 업데이트

단일 테이블 뷰가 일반적으로 쓰이지만, 대부분의 뷰는 기본 쿼리의 FROM 절에 여러 테이블을 포함함.
```sql
# customer, address, city 및 country 테이블을 조인하여 고객의 모든 테이터를 쉽게 쿼리
CREATE VIEW customer_details
AS
SELECT c.customer_id,
       c.store_id,
       c.first_name,
       c.last_name,
       c.address_id,
       c.active,
       c.create_date,
       a.address,
       ct.city,
       cn.country,
       a.postal_code
FROM customer c
       INNER JOIN address a on c.address_id = a.address_id
       INNER JOIN city ct ON a.city_id = ct.city_id
       INNER JOIN country cn ON ct.country_id = cn.country_id; 
```
```sql
UPDATE customer_details
SET last_name = 'SMITH-ALLEN',
    active    = 0
WHERE customer_id = 1;

Query OK, 1 row affected (0.01 sec)
Rows matched: 1  Changed: 1  Warnings: 0

UPDATE customer_details
SET address = '999 Mockingbird Lane'
WHERE customer_id = 1;

Query OK, 1 row affected (0.00 sec)
Rows matched: 1  Changed: 1  Warnings: 0
```

두 테이블의 열을 모두 업데이트하려고 한다면?
```sql
UPDATE customer_details
SET last_name= 'SMITH-ALLEN',
    active   = 0,
    address  = '999 Mockingbird Lane'
WHERE customer_id = 1;

ERROR 1393 (HY000): Can not modify more than one base table through a join view 'sakila.customer_details'
```
두 개의 기본 테이블을 개별적으로 수정할 수는 있지만, 단일 구문 내에서는 수정할 수 없음

```sql
# customer 테이블의 열만 채우는 명령문은 정상으로 작동함
INSERT INTO customer_details (customer_id, store_id, first_name, last_name, address_id, active, create_date)
VALUES (9998, 1, 'BRAIN', 'SALAZAR', 5, 1, now());

Query OK, 1 row affected (0.01 sec)
```

```sql
# address 테이블의 열도 포함하도록 열 목록을 확장하면 다음과 같음
INSERT INTO customer_details (customer_id, store_id, first_name, last_name, address_id, active, create_date, address)
VALUES (999, 2, 'THOMAS', 'BISHOP', 7, 1, now(), '999 Mockingbird Lane');

ERROR 1393 (HY000): Can not modify more than one base table through a join view 'sakila.customer_details'
```

서로 다른 두 테이블에 걸쳐져있는 열을 포함하는 이 버전에서는 예외가 발생함. 복잡한 뷰를 통해 데이터를 삽입하려면 각 열의 출처를 명확히 알아야함. 최종 사용자의 복잡성을 숨기고자 많은 뷰가 작성되므로, 사용자의
뷰 정의에 대한 명확한 지식을 가지고 있어야 하는 경우 그 목적이 서로 상충됨.
> 오라클과 SQL 서버는 뷰를 통해 데이터를 삽입하고 업데이트할 수 있지만, MySQL처럼 많은 제약이 있음. 
> 그러나 일부 PL/SQL 또는 트랜잭트 SQL을 작성할 떄는 instead-of trigger 기능을 통해 뷰에 대한 insert, update 및 delete 문을 가로채서 사용자 정의 코드를 작성하여 변경 사항을 통합할 수 있음. 