# 메타데이터

데이터 베이스에 삽입한 모든 데이터를 저장함과 동시에, 이러한 데이터의 저장 목적으로 생성된 모든 데이터베이스 오브젝트(테이블, 뷰, 인덱스, 등) 관련 정보도 저장해야함

# 데이터에 관한 데이터

메타데이터는 본질적으로 데이터에 대한 데이터. 데이터베이스 오브젝트를 작성할 때마다 데이터베이스 서버는 다양한 정보를 기록해야 함. 여러 열, 기본 키, 제약 조건, 세 개의 인덱스 및 외래 키 제약조건이 있는
테이블을 만들려면 데이터베이스 서버는 다음의 정보를 모두 저장해야 함.

* 테이블 이름
* 테이블 스토리지 정보(테이블스페이스(tablespace), 초기 크기 등)
* 스토리지 엔진
* 열 이름
* 열 데이터 자료형
* 기본 열 값
* not null 열 제약 조건
* 기본 키 열
* 기본 키 이름
* 기본 키 인덱스의 이름
* 인덱스 이름
* 인덱스 유형(B-트리, 비트맵)
* 인덱스 열
* 인덱스 열 정렬 순서(오름차순 또는 내림차순)
* 인덱스 스토리지 정보
* 외래 키 이름
* 외래 키 열
* 외래 키 관련 테이블/열

위 데이터를 통칭하여 데이터 딕셔너리(data dictionary) 또는 시스템 카탈로그(system catalog)라고 함. 데이터베이스 서버는 이 데이터를 지속적으로 저장해야 하며 SQL 문을 확인하고 실행하려면
이 데이터를 빠르게 검색할 수 있어야 함. 또한 데이터베이스 서버는 ALTER TABLE 문과 적절한 메커니즘을 통해서만 수정할 수 있도록 데이터를 보호해야 함.

서로 다른 서버 간의 메타데이터 교환에 관한 표준이 존재하지만, 모든 데이터베이스 서버는 다음과 같은 서로 다른 메커니즘을 사용하여 메타데이터를 게시함.

* 오라클 데이터베이스의 user_tables 및 all_constraints와 같은 뷰 집합
* SQL 서버의 sp_tables 프로시저 또는 오라클 데이터베이스의 dbms_metadata 패키지와 같은 시스템 저장 프로시저(system-stored procedures)
* MySQL의 information_schema 데이터베이스와 같은 특수 데이터베이스

SQL 서버에는 사이베이스(Sybase) 계보의 흔적인 SQL 서버의 시스템 저장 프로시저와 함께 각 데이터베이스 내에서 자동으로 제공되는 정보 스키마(information_schema)라는 특수 스키마도 포함함.
MySQL과 SQL 서버는 모두 ANSI SQL:2003 표준을 준수하도록 이 인터페이스를 제공함.

## 정보 스키마

information_schema 데이터베이스(또는 SQL 서버의 경우 schema) 내에서 사용 가능한 모든 객체는 뷰. 다양한 테이블과 뷰의 구조를 보여주는 방법으로 DESCRIBE 유틸리티와 달리,
information_schema 내의 뷰를 쿼리하여 프로그래밍 방식으로 사용할 수 있음.

```sql
SELECT table_name, table_type
FROM information_schema.tables
WHERE TABLE_SCHEMA = 'sakila'
ORDER BY 1;

+----------------------------+------------+
| TABLE_NAME                 | TABLE_TYPE |
+----------------------------+------------+
| active_customer_vw         | VIEW       |
| actor                      | BASE TABLE |
| actor_info                 | VIEW       |
| address                    | BASE TABLE |
| category                   | BASE TABLE |
| city                       | BASE TABLE |
| country                    | BASE TABLE |
| customer                   | BASE TABLE |
| customer_details           | VIEW       |
| customer_list              | VIEW       |
| customer_vw                | VIEW       |
| film                       | BASE TABLE |
| film_actor                 | BASE TABLE |
| film_category              | BASE TABLE |
| film_list                  | VIEW       |
| film_text                  | BASE TABLE |
| inventory                  | BASE TABLE |
| language                   | BASE TABLE |
| nicer_but_slower_film_list | VIEW       |
| payment                    | BASE TABLE |
| rental                     | BASE TABLE |
| sales_by_film_category     | VIEW       |
| sales_by_store             | VIEW       |
| staff                      | BASE TABLE |
| staff_list                 | VIEW       |
| store                      | BASE TABLE |
+----------------------------+------------+
26 rows in set
(0.01 sec)
```

information_schema.tables 뷰는 테이블과 뷰를 모두 포함함. 뷰를 제외하려면 WHERE 절에 다른 조건을 추가하기만 하면 됨.

```sql
# sakila 데이터베이스의 모든 테이블의 이름을 검색하는 쿼리
SELECT table_name, table_type
FROM information_schema.TABLES
WHERE TABLE_SCHEMA = 'sakila'
  AND TABLE_TYPE = 'BASE TABLE'
ORDER BY 1;

+---------------+------------+
| TABLE_NAME    | TABLE_TYPE |
+---------------+------------+
| actor         | BASE TABLE |
| address       | BASE TABLE |
| category      | BASE TABLE |
| city          | BASE TABLE |
| country       | BASE TABLE |
| customer      | BASE TABLE |
| film          | BASE TABLE |
| film_actor    | BASE TABLE |
| film_category | BASE TABLE |
| film_text     | BASE TABLE |
| inventory     | BASE TABLE |
| language      | BASE TABLE |
| payment       | BASE TABLE |
| rental        | BASE TABLE |
| staff         | BASE TABLE |
| store         | BASE TABLE |
+---------------+------------+
16 rows in set
(0.00 sec)
```

뷰에 대한 정보에만 관심이 있는 경우 information_schema.views를 쿼리할 수 있음.

```sql
# 뷰의 업데이트 가능 여부를 나타내는 쿼리
SELECT table_name, is_updatable
FROM information_schema.VIEWS
WHERE TABLE_SCHEMA = 'sakila'
ORDER BY 1;

+----------------------------+--------------+
| TABLE_NAME                 | IS_UPDATABLE |
+----------------------------+--------------+
| active_customer_vw         | YES          |
| actor_info                 | NO           |
| customer_details           | YES          |
| customer_list              | YES          |
| customer_vw                | YES          |
| film_list                  | NO           |
| nicer_but_slower_film_list | NO           |
| sales_by_film_category     | NO           |
| sales_by_store             | NO           |
| staff_list                 | YES          |
+----------------------------+--------------+
```

테이블과 뷰 모두에 대한 열 정보는 colums 뷰를 통해 사용 가능

```sql
# film 테이블에 대한 열정보
SELECT COLUMN_NAME,
       DATA_TYPE,
       CHARACTER_MAXIMUM_LENGTH char_max_len,
       NUMERIC_PRECISION        num_prcsn,
       NUMERIC_SCALE            num_scale
FROM information_schema.COLUMNS
WHERE TABLE_SCHEMA = 'sakila'
  AND TABLE_NAME = 'film'
ORDER BY ORDINAL_POSITION;
# ORDINAL_POSITION열은 테이블에 추가된 순서대로 열을 검색하는 수단.

+----------------------+-----------+--------------+-----------+-----------+
| COLUMN_NAME          | DATA_TYPE | char_max_len | num_prcsn | num_scale |
+----------------------+-----------+--------------+-----------+-----------+
| film_id              | smallint  |         NULL |         5 |         0 |
| title                | varchar   |          128 |      NULL |      NULL |
| description          | text      |        65535 |      NULL |      NULL |
| release_year         | year      |         NULL |      NULL |      NULL |
| language_id          | tinyint   |         NULL |         3 |         0 |
| original_language_id | tinyint   |         NULL |         3 |         0 |
| rental_duration      | tinyint   |         NULL |         3 |         0 |
| rental_rate          | decimal   |         NULL |         4 |         2 |
| length               | smallint  |         NULL |         5 |         0 |
| replacement_cost     | decimal   |         NULL |         5 |         2 |
| rating               | enum      |            5 |      NULL |      NULL |
| special_features     | set
|           54 |      NULL |      NULL |
| last_update          | timestamp |         NULL |      NULL |      NULL |
+----------------------+-----------+--------------+-----------+-----------+
13 rows in set
(0.00 sec)
```

information_schema.statistics 뷰를 통해 테이블 인덱스의 정보를 검색할 수 있음

```sql
# rental 테이블에 작성된 인덱스의 정보를 검색 함
SELECT INDEX_NAME, NON_UNIQUE, SEQ_IN_INDEX, COLUMN_NAME
FROM information_schema.STATISTICS
WHERE TABLE_SCHEMA = 'sakila'
  AND TABLE_NAME = 'rental'
ORDER BY 1, 3;

+---------------------+------------+--------------+--------------+
| INDEX_NAME          | NON_UNIQUE | SEQ_IN_INDEX | COLUMN_NAME  |
+---------------------+------------+--------------+--------------+
| idx_fk_customer_id  |          1 |            1 | customer_id  |
| idx_fk_inventory_id |          1 |            1 | inventory_id |
| idx_fk_staff_id     |          1 |            1 | staff_id     |
| PRIMARY             |          0 |            1 | rental_id    |
| rental_date         |          0 |            1 | rental_date  |
| rental_date         |          0 |            2 | inventory_id |
| rental_date         |          0 |            3 | customer_id  |
+---------------------+------------+--------------+--------------+
7 rows in set
(0.00 sec)

# rental 테이블에는 총 5개의 인덱스가 있음. 나중 하나에는 3개의 열(rental_date)이 있고, 다른 하나는 기본 키 제약조건에 사용되는 고유 인덱스(PRIMARY)임
```

INFORMATION_SCHEMA.TABLE_CONSTRAINTS 뷰를 통해서 작성된 다양한 유형의 제약조건(외래 키, 기본 키, 고유 키)을 검색할 수 있음.

```sql
# sakila 스키마의 모든 제약 조건을 검색하는 쿼리
SELECT CONSTRAINT_NAME, TABLE_NAME, CONSTRAINT_TYPE
FROM information_schema.TABLE_CONSTRAINTS
WHERE TABLE_SCHEMA = 'sakila'
ORDER BY 3, 1;

+---------------------------+---------------+-----------------+
| CONSTRAINT_NAME           | TABLE_NAME    | CONSTRAINT_TYPE |
+---------------------------+---------------+-----------------+
| fk_address_city           | address       | FOREIGN KEY     |
| fk_city_country           | city          | FOREIGN KEY     |
| fk_customer_address       | customer      | FOREIGN KEY     |
| fk_customer_store         | customer      | FOREIGN KEY     |
| fk_film_actor_actor       | film_actor    | FOREIGN KEY     |
| fk_film_actor_film        | film_actor    | FOREIGN KEY     |
| fk_film_category_category | film_category | FOREIGN KEY     |
| fk_film_category_film     | film_category | FOREIGN KEY     |
| fk_film_language          | film          | FOREIGN KEY     |
| fk_film_language_original | film          | FOREIGN KEY     |
| fk_inventory_film         | inventory     | FOREIGN KEY     |
| fk_inventory_store        | inventory     | FOREIGN KEY     |
| fk_payment_customer       | payment       | FOREIGN KEY     |
| fk_payment_rental         | payment       | FOREIGN KEY     |
| fk_payment_staff          | payment       | FOREIGN KEY     |
| fk_rental_customer        | rental        | FOREIGN KEY     |
| fk_rental_inventory       | rental        | FOREIGN KEY     |
| fk_rental_staff           | rental        | FOREIGN KEY     |
| fk_staff_address          | staff         | FOREIGN KEY     |
| fk_staff_store            | staff         | FOREIGN KEY     |
| fk_store_address          | store         | FOREIGN KEY     |
| fk_store_staff            | store         | FOREIGN KEY     |
| PRIMARY                   | inventory     | PRIMARY KEY     |
| PRIMARY                   | film_category | PRIMARY KEY     |
| PRIMARY                   | film_actor    | PRIMARY KEY     |
| PRIMARY                   | language      | PRIMARY KEY     |
| PRIMARY                   | payment       | PRIMARY KEY     |
| PRIMARY                   | film          | PRIMARY KEY     |
| PRIMARY                   | actor         | PRIMARY KEY     |
| PRIMARY                   | customer      | PRIMARY KEY     |
| PRIMARY                   | rental        | PRIMARY KEY     |
| PRIMARY                   | country       | PRIMARY KEY     |
| PRIMARY                   | city          | PRIMARY KEY     |
| PRIMARY                   | staff         | PRIMARY KEY     |
| PRIMARY                   | film_text     | PRIMARY KEY     |
| PRIMARY                   | category      | PRIMARY KEY     |
| PRIMARY                   | store         | PRIMARY KEY     |
| PRIMARY                   | address       | PRIMARY KEY     |
| idx_customer_id           | customer      | UNIQUE          |
| idx_email                 | customer      | UNIQUE          |
| idx_unique_manager        | store         | UNIQUE          |
| rental_date               | rental        | UNIQUE          |
+---------------------------+---------------+-----------------+
42 rows in set
(0.00 sec)
```

MySQL 버전 8.0에서 사용할 수 있는 다양한 INFORMATION_SCHEMA뷰를 보여줌

|뷰 이름|제공 정보|
|------|-------|
|schemata|데이터베이스|
|tables|테이블과 뷰|
|columns|테이블과 뷰의 열|
|statistics|인덱스|
|user_privileges| 스키마 개체에 권한이 있는 사용자|
|schema_privileges|데이터베이스에 권한이 있는 사용자|
|table_privileges|테이블에 권한이 있는 사용자|
|column_privileges|어떤 테이블의 어떤 열에 권한이 있는 사용자|
|character_sets|사용 가능한 캐릭터셋|
|collations|어떤 캐릭터셋에 사용할 수 있는 데이터 정렬|
|collation_character_set_applicability|어떤 데이터 정렬에 사용할 수 있는 캐릭터셋|
|key_column_usage|각 키의 열과 관련된 제약조건|
|routines|저장된 루틴(프로시저 및 기능)
|views|뷰|
|triggers|테이블트리거|
|plugins|서버플러그인|
|engines|사용할 수 있는 스토리지 엔진|
|partitions|테이블 파티션|
|events|예정된 이벤트|
|processlist|실행되고 있는 프로세스|
|referential_constraints|외래키|
|parameters|저장 프로시저 및 함수 매개변수|
|profiling|사용자 프로파일링 정보|

engines, events 및 plugins과 같은 뷰 중 일부는 MySQL에만 해당되지만, 대다수는 SQL 서버에서도 사용할 수 있음

Oracle 데이터베이스를 사용하는 경우 온라인 오라클 데이터베이스 참조 가이드에서 dbms_metadata 패키지뿐만 아니라 user_, all_ 및 dba_뷰에 대한 정보를 참조할 수 있음.

[Oracle DBA View](https://jjon.tistory.com/entry/DBA-Table-View-%EC%A0%95%EB%A6%AC)

### 메타데이터로 작업하기

### 스키마 생성 스크립트

```sql
# sakila.category테이블을 생성하는 스크립트
CREATE TABLE `category`
(
    `category_id` tinyint unsigned NOT NULL AUTO_INCREMENT,
    `name`        varchar(25)      NOT NULL,
    `last_update` timestamp        NOT NULL DEFAULT CURRENT_TIMESTAMP ON UPDATE CURRENT_TIMESTAMP,
    PRIMARY KEY (`category_id`)
) ENGINE = InnoDB
  DEFAULT CHARSET = utf8;
```

1. information_schema.columns 테이블을 쿼리하여 열에 대한 정보를 검색하는 것.

```sql

SELECT 'CREATE TABLE category (' create_table_statement
UNION ALL
SELECT cols.txt
FROM (SELECT CONCAT('  ', COLUMN_NAME, ' ', COLUMN_TYPE,
                    CASE
                        WHEN IS_NULLABLE = 'NO' THEN ' not null'
                        ELSE '' 
                    END,
                    CASE
                        WHEN EXTRA IS NOT NULL AND EXTRA LIKE 'DEFAULT_GENERATED%'
                            THEN CONCAT(' DEFAULT ', COLUMN_DEFAULT, SUBSTR(EXTRA, 18))
                        WHEN EXTRA IS NOT NULL THEN CONCAT(' ', EXTRA)
                        ELSE '' 
                    END, ',') txt
      FROM information_schema.COLUMNS
      WHERE TABLE_SCHEMA = 'sakila'
        AND TABLE_NAME = 'category'
      ORDER BY ORDINAL_POSITION) cols
UNION ALL
SELECT ')';


+-----------------------------------------------------------------------------------------+
| create_table_statement                                                                  |
+-----------------------------------------------------------------------------------------+
| CREATE TABLE category (                                                                 |
|   category_id tinyint unsigned not null auto_increment,                                 |
|   name varchar(25) not null ,                                                           |
|   last_update timestamp not null DEFAULT CURRENT_TIMESTAMP on update CURRENT_TIMESTAMP, |
| )                                                                                       |
+-----------------------------------------------------------------------------------------+
5 rows in set (0.01 sec)
```

2. 기본 키 제약조건에 대한 정보를 검색하려면 table_constraints 및 key_column_usage 뷰에 대한 쿼리를 추가하기만 하면 됨.
```sql
SELECT 'CREATE TABLE category (' create_table_statement
UNION ALL
SELECT cols.txt
FROM (SELECT CONCAT('  ', COLUMN_NAME, ' ', COLUMN_TYPE,
                    CASE
                        WHEN IS_NULLABLE = 'NO' THEN ' not null'
                        ELSE ''
                        END,
                    CASE
                        WHEN EXTRA IS NOT NULL AND EXTRA LIKE 'DEFAULT_GENERATED%'
                            THEN CONCAT(' DEFAULT ', COLUMN_DEFAULT, SUBSTR(EXTRA, 18))
                        WHEN EXTRA IS NOT NULL THEN CONCAT(' ', EXTRA)
                        ELSE ''
                        END, ',') txt
      FROM information_schema.COLUMNS
      WHERE TABLE_SCHEMA = 'sakila'
        AND TABLE_NAME = 'category'
      ORDER BY ORDINAL_POSITION) cols
UNION ALL
SELECT CONCAT('  constraint primary key (')
FROM information_schema.TABLE_CONSTRAINTS
WHERE TABLE_SCHEMA = 'sakila'
  AND TABLE_NAME = 'category'
  AND CONSTRAINT_TYPE = 'PRIMARY KEY'
UNION ALL
SELECT cols.txt
FROM (SELECT CONCAT(CASE WHEN ORDINAL_POSITION > 1 THEN '   ,'
        ELSE '     ' END, COLUMN_NAME) txt
      FROM information_schema.KEY_COLUMN_USAGE
      WHERE TABLE_SCHEMA = 'sakila'
        AND TABLE_NAME = 'category'
        AND CONSTRAINT_NAME = 'PRIMARY'
      ORDER BY ORDINAL_POSITION
     ) cols
UNION ALL
SELECT '   )'
UNION ALL
SELECT ')';

+-----------------------------------------------------------------------------------------+
| create_table_statement                                                                  |
+-----------------------------------------------------------------------------------------+
| CREATE TABLE category (                                                                 |
|   category_id tinyint unsigned not null auto_increment,                                 |
|   name varchar(25) not null ,                                                           |
|   last_update timestamp not null DEFAULT CURRENT_TIMESTAMP on update CURRENT_TIMESTAMP, |
|   constraint primary key (                                                              |
|      category_id                                                                        |
|    )                                                                                    |
| )                                                                                       |
+-----------------------------------------------------------------------------------------+
8 rows in set (0.00 sec)
```

### 배포 확인

배포스크립트를 실행한 후에는 새 스키마 개체가 적절한 열, 인덳, 기본 키 등을 가지고 있는 지 확인하기 위해 검증 스크립트를 실행하는 것이 좋음.

```sql
# sakila 스키마의 각 테이블 에 대한 열의 수, 인덱스 수 및 기본 키 제약조건 수 (0또는 1)을 반환하는 쿼리

SELECT tbl.TABLE_NAME,
       (SELECT COUNT(*)
        FROM information_schema.COLUMNS clm
        WHERE clm.TABLE_SCHEMA = tbl.TABLE_SCHEMA
          AND clm.TABLE_NAME = tbl.TABLE_NAME)     num_columns,
       (SELECT COUNT(*)
        FROM information_schema.STATISTICS sta
        WHERE sta.TABLE_SCHEMA = tbl.TABLE_SCHEMA
          AND sta.TABLE_NAME = tbl.TABLE_NAME)     num_indexes,
       (SELECT COUNT(*)
        FROM information_schema.TABLE_CONSTRAINTS tc
        WHERE tc.TABLE_SCHEMA = tbl.TABLE_SCHEMA
          AND tc.TABLE_NAME = tbl.TABLE_NAME
          AND tc.CONSTRAINT_TYPE = 'PRIMARY KEY') num_primary_keys
FROM information_schema.TABLES tbl
WHERE tbl.TABLE_SCHEMA = 'sakila'
  AND tbl.TABLE_TYPE = 'BASE TABLE'
ORDER BY 1;

+---------------+-------------+-------------+------------------+
| TABLE_NAME    | num_columns | num_indexes | num_primary_keys |
+---------------+-------------+-------------+------------------+
| actor         |           4 |           2 |                1 |
| address       |           9 |           3 |                1 |
| category      |           3 |           1 |                1 |
| city          |           4 |           2 |                1 |
| country       |           3 |           1 |                1 |
| customer      |           9 |           8 |                1 |
| film          |          13 |           4 |                1 |
| film_actor    |           3 |           3 |                1 |
| film_category |           3 |           3 |                1 |
| film_text     |           3 |           3 |                1 |
| inventory     |           4 |           4 |                1 |
| language      |           3 |           1 |                1 |
| payment       |           7 |           4 |                1 |
| rental        |           7 |           7 |                1 |
| staff         |          11 |           3 |                1 |
| store         |           4 |           3 |                1 |
+---------------+-------------+-------------+------------------+
16 rows in set (0.00 sec)
```

배포 전 후의 위 쿼리 실행을 통해, 두 결과 셋 같의 차이를 확인할 수 있음.

### 동적 SQL 생성

오라클의 PL/SQL 및 마이크로소프트의 트랜잭트 SQL과 같은 일부 언어는 SQL 언어의 상위 집합으로 'if-then-else' 및 'while'과 같은 일반적인 절차 구성과 함꼐 SQL 문을 문법에 포함함.
자바와 같은 언어에는 관계형 데이터베이스와의 인터페이스 기능이 포함되지만 문법 자체에는 SQL문을 포함되지 않음. 즉 모든 SQL문은 문자열 내에 포함되어야함.

따라서 대부분의 관계형 데이터베이스 서버는 SQL 문을 문자열로 서버에 전송할 수 있음. SQL 인터페이스를 사용하지 않고 데이터베이스 엔진에 문자열을 전송하는 것을 보통 동적 SQL 실행이라고 함

오라클의 PL/SQL 언어에는 실행할 문자열을 제출하면 바로실행할 수 있는 즉시 싱행 명령이 포함되어있음. SQL 서버에는 SQL문을 동적으로 실행하기 위한 sp_executesql이라는 시스템 저장 프로시저가
포함되어있음. MySQL은 동적 SQL 실행을 위한 준비(prepare), 실행(execute) 및 할당 해제(deallocate)를 제공함.

```sql
SET @qry = 'SELECT customer_id, first_name, last_name FROM customer';
Query OK, 0 rows affected (0.00 sec)

PREPARE dynsql1 FROM @qry;
Query OK, 0 rows affected (0.00 sec)
Statement prepared

EXECUTE dynsql1;
+-------------+-------------+--------------+
| customer_id | first_name  | last_name    |
+-------------+-------------+--------------+
|         505 | RAFAEL      | ABNEY        |
|         504 | NATHANIEL   | ADAM         |
|          36 | KATHLEEN    | ADAMS        |
...
|         402 | LUIS        | YANEZ        |
|         413 | MARVIN      | YEE          |
|          28 | CYNTHIA     | YOUNG        |
+-------------+-------------+--------------+
600 rows in set (0.00 sec)

DEALLOCATE PREPARE dynsql1;
Query OK, 0 rows affected (0.00 sec)
```

> SET 문은 qry 변수에 문자열을 할당하기만 하면 다음 준비 구물을 사용하여 구문 분석, 보안 검사 및 최적화를 위해 데이터 베이스 엔진에 제출함
> 
> execute를 호출하여 명령문을 실행시킴
> 
> deallocate Prepare를 사용하여 구문을 닫음 -> 이 명령으로 실행 중에 사용된(커서 등의) 데이터베이스 리소스가 해제됨


```sql
# 런타임 시 조건을 지정할 수 있도록 자리 표시자가 포함된 쿼리를 실행하는 방법

SET @qry = 'SELECT customer_id, first_name, last_name FROM customer WHERE customer_id = ?';
Query OK, 0 rows affected (0.00 sec)

PREPARE dynsql2 FROM @qry;
Query OK, 0 rows affected (0.00 sec)
Statement prepared

SET @custid = 9;
Query OK, 0 rows affected (0.00 sec)

EXECUTE dynsql2 USING @custid;
+-------------+------------+-----------+
| customer_id | first_name | last_name |
+-------------+------------+-----------+
|           9 | MARGARET   | MOORE     |
+-------------+------------+-----------+
1 row in set (0.00 sec)

SET @custid = 145;
Query OK, 0 rows affected (0.00 sec)

EXECUTE dynsql2 USING @custid;
+-------------+------------+-----------+
| customer_id | first_name | last_name |
+-------------+------------+-----------+
|         145 | LUCILLE    | HOLMES    |
+-------------+------------+-----------+
1 row in set (0.00 sec)

DEALLOCATE PREPARE dynsql2;
```
쿼리에 자리표시자(구문 끝에 ? 표시)에 런타임 시 고객 ID 값을 대입할 수 있음. 

동적 SQL을 사용하여 테이블을 조회하려는 경우 테이블 정의를 하드코딩 하는 대신 메타데이터를 사용하여 쿼리 문자열을 작성하면 다음과 같음
```sql
SELECT CONCAT('SELECT ',
              CONCAT_WS(',', cols.col1, cols.col2, cols.col3, cols.col4, cols.col5, cols.col6, cols.col7, cols.col8,
                        cols.col9),
              ' FROM customer WHERE customer_id = ?')
INTO @qry
FROM (SELECT MAX(CASE WHEN ORDINAL_POSITION = 1 THEN COLUMN_NAME ELSE NULL END) col1,
             MAX(CASE WHEN ORDINAL_POSITION = 2 THEN COLUMN_NAME ELSE NULL END) col2,
             MAX(CASE WHEN ORDINAL_POSITION = 3 THEN COLUMN_NAME ELSE NULL END) col3,
             MAX(CASE WHEN ORDINAL_POSITION = 4 THEN COLUMN_NAME ELSE NULL END) col4,
             MAX(CASE WHEN ORDINAL_POSITION = 5 THEN COLUMN_NAME ELSE NULL END) col5,
             MAX(CASE WHEN ORDINAL_POSITION = 6 THEN COLUMN_NAME ELSE NULL END) col6,
             MAX(CASE WHEN ORDINAL_POSITION = 7 THEN COLUMN_NAME ELSE NULL END) col7,
             MAX(CASE WHEN ORDINAL_POSITION = 8 THEN COLUMN_NAME ELSE NULL END) col8,
             MAX(CASE WHEN ORDINAL_POSITION = 9 THEN COLUMN_NAME ELSE NULL END) col9

      FROM information_schema.COLUMNS
      WHERE TABLE_SCHEMA = 'sakila'
        AND TABLE_NAME = 'customer'
      GROUP BY TABLE_NAME
     ) cols;

SELECT @qry;

+--------------------------------------------------------------------------------------------------------------------------------------+
| @qry                                                                                                                                 |
+--------------------------------------------------------------------------------------------------------------------------------------+
| SELECT customer_id,store_id,first_name,last_name,email,address_id,active,create_date,last_update FROM customer WHERE customer_id = ? |
+--------------------------------------------------------------------------------------------------------------------------------------+
1 row in set (0.00 sec)

PREPARE dynsql3 FROM @qry;
Query OK, 0 rows affected (0.00 sec)
Statement prepared

SET @custid = 45;
Query OK, 0 rows affected (0.00 sec)

EXECUTE dynsql3 USING @custid;
+-------------+----------+------------+-----------+-----------------------------------+------------+--------+---------------------+---------------------+
| customer_id | store_id | first_name | last_name | email                             | address_id | active | create_date         | last_update         |
+-------------+----------+------------+-----------+-----------------------------------+------------+--------+---------------------+---------------------+
|          45 |        1 | JANET      | PHILLIPS  | JANET.PHILLIPS@sakilacustomer.org |         49 |      1 | 2006-02-14 22:04:36 | 2006-02-15 04:57:20 |
+-------------+----------+------------+-----------+-----------------------------------+------------+--------+---------------------+---------------------+
1 row in set (0.00 sec)

DEALLOCATE PREPARE dynsql3;
Query OK, 0 rows affected (0.00 sec)

쿼리는 customer 테이블의 처음 9개 열을 피봇하고 concat 및 concat_ws 함수를 사용하여 쿼리 문자열을 작성하여 문자열을 qry변수에 할당함

```