# 분석 함수

SQL에는 분석 처리에 유용한 함수 집합이 포함되어있음. 고객을 위한 재무 보고서를 생성하고, 3개월 연속 평균을 계산해야 할 경우, SQL이 기본 제공하는 내장 분석함수로 이러한 유형의 작업을 수행할 수 있음

## 분석 함수의 개념

데이터베이스 서버가 조인, 필터링, 그룹화 및 정렬을 포함하여 쿼리를 검증하는데 필요한 모든 단계를 끝내면 결과셋이 완성되어 호출자에게 반환될 준비가 됨. 이 시점에서 쿼리 실행을 일시 중지하고 메모리에 저장된
결과를 살펴볼 수 있다면. 결과셋에 판매 데이터가 포함되어 있다면 영업 사원 실적 순위 또는 지역에 대한 순위를 생성하거나, 특정 기간과 다른 기간 간의 백분율 차이를 계산할 수 있음. 분석함수를 사용하면 이러한
모든 작업을 수행할 수 있음.

### 데이터 윈도우

```sql
SELECT QUARTER(payment_date) quarter, MONTHNAME(payment_date) month_nm, SUM(amount) monthly_sales
FROM payment
WHERE YEAR (payment_date) = 2005
GROUP BY QUARTER(payment_date), MONTHNAME(payment_date);

+---------+----------+---------------+
| quarter | month_nm | monthly_sales |
+---------+----------+---------------+
|       2 | June     |       9631.88 |
|       2 | May      |       4824.43 |
|       3 | August   |      24072.13 |
|       3 | July     |      28373.89 |
+---------+----------+---------------+
4 rows in set (0.016 sec)
```

4개월 동안 7월간의 월간합계가 가장 높았고, 2분기에는 6월이 가장 높은 월간 합계를 보임. 프로그래밍 방식으로 가장 높은 값을 결정하려면 분기당 최대값 및 전체 기간에 대한 최댓값을 표시하는 열을 각 행에 추가해야함.
```sql
SELECT QUARTER(payment_date)                                      quarter,
	   MONTHNAME(payment_date)                                    month_nm,
	   SUM(amount)                                                monthly_sales,
	   MAX(SUM(amount)) OVER ()                                   max_overall_sales,
		MAX(SUM(amount)) OVER (PARTITION BY QUARTER(payment_date)) max_qrtr_sales

FROM payment
WHERE YEAR(payment_date) = 2005
GROUP BY QUARTER(payment_date), MONTHNAME(payment_date);

+---------+----------+---------------+-------------------+----------------+
| quarter | month_nm | monthly_sales | max_overall_sales | max_qrtr_sales |
+---------+----------+---------------+-------------------+----------------+
|       2 | June     |       9631.88 |          28373.89 |        9631.88 |
|       2 | May      |       4824.43 |          28373.89 |        9631.88 |
|       3 | August   |      24072.13 |          28373.89 |       28373.89 |
|       3 | July     |      28373.89 |          28373.89 |       28373.89 |
+---------+----------+---------------+-------------------+----------------+
4 rows in set (0.023 sec)
```

추가 열을 생성하는데 사용되는 분석 함수는 행을 두 개의 집합으로 그룹화 함. 하나는 모든 행을 포함, 다음하나는 모든 행을 포함함. 이러한 유형의 분석을 수용하기 위해 분석 함수에는 행을 윈도우로 그룹화하는 기능이
포함되어 있음. 이 기능은 전체 전체 결과셋을 변경하지 않으면서 분석 함수에서 사용할 데이터를 효과적으로 분할함.

윈도우는 선택적인 PARTITION BY 하위절과 결합된 OVER절을 사용하여 정의됨. 첫 번째 함수의 OVER절은 비어있으므로 윈도우 전체 결과셋에 포함되며, 두 번째 부석함수에는 같은 분기 내의 행에만 포함됨.
데이터 윈도우는 단일 행부터 결과셋에 전체 행에 이르는 모든 행을 포함할 수 있으며, 다양한 분석 함수로 각기 다른 데이터 윈도우를 정의할 수 있음.


## 로컬 정렬

분석 기능을 위해 결과셋을 데이터 윈도우로 분할하는 것과 함께 정렬 순서를 지정할 수도 있음.
```sql
# 판매량이 가장 높은 달에 값 1이 주어지는 각 월의 순위 번호를 정의하는 쿼리
SELECT QUARTER(payment_date)                   quarter,
	   MONTHNAME(payment_date)                 month_nm,
	   SUM(amount)                             monthly_sales,
	   RANK() OVER (ORDER BY SUM(amount) DESC) sales_rank

FROM payment

WHERE YEAR(payment_date) = 2005
GROUP BY QUARTER(payment_date), MONTHNAME(payment_date)
ORDER BY 1, MONTH(payment_date);

+---------+----------+---------------+------------+
| quarter | month_nm | monthly_sales | sales_rank |
+---------+----------+---------------+------------+
|       2 | May      |       4824.43 |          4 |
|       2 | June     |       9631.88 |          3 |
|       3 | July     |      28373.89 |          1 |
|       3 | August   |      24072.13 |          2 |
+---------+----------+---------------+------------+
4 rows in set (0.019 sec)
```

경우에 따라 동일한 분석 함수 호출에서 PARTITION BY 및 ORDER BY 하위절을 모두 사용하려 할 수 있음. 전체 결과셋에서 단일 순위 대신 분기별 순위를 제공하도록 이전 예제를 다음과 같이 수정할 수
있음.

```sql
SELECT QUARTER(payment_date)                                                      quarter,
       MONTHNAME(payment_date)                                                    month_nm,
       SUM(amount)                                                                montly_sales,
       RANK() OVER (PARTITION BY QUARTER(payment_date) ORDER BY SUM(amount) desc) qtr_sales_rank

FROM payment
WHERE YEAR(payment_date) = 2005
GROUP BY QUARTER(payment_date), MONTHNAME(payment_date), QUARTER(payment_date)
ORDER BY 1, MONTH(payment_date);

+---------+----------+--------------+----------------+
| quarter | month_nm | montly_sales | qtr_sales_rank |
+---------+----------+--------------+----------------+
|       2 | May      |      4824.43 |              2 |
|       2 | June     |      9631.88 |              1 |
|       3 | July     |     28373.89 |              1 |
|       3 | August   |     24072.13 |              2 |
+---------+----------+--------------+----------------+
4 rows in set (0.04 sec)
```

## 순위

### 순위 함수

SQL 표준에는 여러 순위 기능을 사용할 수 있으며, 각 순위 기능은 동점 처리 방식에 대해 서로 다른 접근 방식을 취함.
* row_number: 동점일 경우 순위가 임의로 지정된 각 행의 고유 번호를 반환함
* RANK: 동점일 경우 순위에 차이가 있는 동일한 순위를 반환함
* dense_rankL 동점일 경우 순위에 차이가 없는 동일한 순위를 반환함

상위 10명의 고객을 파악하여 무료 영화 대여 서비스를 제공하는 쿼리
```sql
# 각 고객의 영화 대여 수를 결정하고 결과를 내림차순으로 정렬
SELECT customer_id, COUNT(*) num_rentals
FROM rental
GROUP BY customer_id
ORDER BY 2 DESC;

+-------------+-------------+
| customer_id | num_rentals |
+-------------+-------------+
|         148 |          46 |
|         526 |          45 |
|         144 |          42 |
|         236 |          42 |
|          75 |          41 |
|         197 |          40 |
...
|         110 |          14 |
|         281 |          14 |
|         318 |          12 |
+-------------+-------------+
599 rows in set (0.01 sec)
```

세 번째와 네 번째 고객은 어떤 순서를 우선으로 잡아야할지 모름 동점을 처리하는 방식은 다음과 같음
```sql
SELECT customer_id,
       COUNT(*)                                   num_rentals,
       ROW_NUMBER() OVER (ORDER BY COUNT(*) DESC) row_number_rnk,
       RANK() OVER (ORDER BY COUNT(*) DESC)       rank_rnk,
       DENSE_RANK() OVER (ORDER BY COUNT(*) DESC) dense_rank_rnk
FROM rental
GROUP BY customer_id
ORDER BY 2 DESC;


+-------------+-------------+----------------+----------+----------------+
| customer_id | num_rentals | row_number_rnk | rank_rnk | dense_rank_rnk |
+-------------+-------------+----------------+----------+----------------+
|         148 |          46 |              1 |        1 |              1 |
|         526 |          45 |              2 |        2 |              2 |
|         144 |          42 |              3 |        3 |              3 |
|         236 |          42 |              4 |        3 |              3 |
|          75 |          41 |              5 |        5 |              4 |
|         197 |          40 |              6 |        6 |              5 |
|         469 |          40 |              7 |        6 |              5 |
|         137 |          39 |              8 |        8 |              6 |
|         178 |          39 |              9 |        8 |              6 |
|         468 |          39 |             10 |        8 |              6 |
|           5 |          38 |             11 |       11 |              7 |
|         295 |          38 |             12 |       11 |              7 |
|         410 |          38 |             13 |       11 |              7 |
|         459 |          38 |             14 |       11 |              7 |
|         176 |          37 |             15 |       15 |              8 |
|         198 |          37 |             16 |       15 |              8 |
|         257 |          37 |             17 |       15 |              8 |
|         366 |          37 |             18 |       15 |              8 |
|          29 |          36 |             19 |       19 |              9 |
|         267 |          36 |             20 |       19 |              9 |
|         348 |          36 |             21 |       19 |              9 |
|         354 |          36 |             22 |       19 |              9 |
|         380 |          36 |             23 |       19 |              9 |
|         439 |          36 |             24 |       19 |              9 |
|          21 |          35 |             25 |       25 |             10 |
|          50 |          35 |             26 |       25 |             10 |
|          91 |          35 |             27 |       25 |             10 |
|         196 |          35 |             28 |       25 |             10 |
|         204 |          35 |             29 |       25 |             10 |
|         273 |          35 |             30 |       25 |             10 |
|         274 |          35 |             31 |       25 |             10 |
|         368 |          35 |             32 |       25 |             10 |
|         371 |          35 |             33 |       25 |             10 |
|         373 |          35 |             34 |       25 |             10 |
|         381 |          35 |             35 |       25 |             10 |
|         403 |          35 |             36 |       25 |             10 |
|         506 |          35 |             37 |       25 |             10 |
|          26 |          34 |             38 |       38 |             11 |
|          30 |          34 |             39 |       38 |             11 |
|          38 |          34 |             40 |       38 |             11 |
|          46 |          34 |             41 |       38 |             11 |
|          66 |          34 |             42 |       38 |             11 |
...
|         110 |          14 |            597 |      596 |             31 |
|         281 |          14 |            598 |      596 |             31 |
|         318 |          12 |            599 |      599 |             32 |
+-------------+-------------+----------------+----------+----------------+
599 rows in set (0.01 sec)
```

세 번째 열은 row_number() 함수를 사용하여 동점에 관계없이 각 행에 고유한 순위를 지정함.

네 번째, 다섯 번째 열은 동점일 경우 동일한 순위를 지정한다는 점에서는 같지만, 동점 이후의 순윗값을 열에 매기는지 여부에 차이가 있음.


* 상위 10명의 고객을 식별하는 방법은 다음과 같음
  * row_number() 함수로 1에서 10위 까지의 순위를 매긴 고객을 식별함, 10위의 고객과 동일한 대여 횟수가 있는 고객을 제외할 수 있음.
  * rank() 함수로 10위까지의 고객을 식별하여 정확히 10명의 고객을 추릴 수 있음.
  * dense_rank() 함수로 10위 내의 고객을 식별하면 37명의 고객을 추릴 수 있음.

동일한 순위가 없으면 이중 어떤 함수를 사용해도 무방하나, 대부분의 경우 rank()가 최선의 선택.

### 다양한 순위 생성
전의 쿼리는 전체 고객 집합에서 단일 순위를 생성하지만, 동일한 결과셋에서 여러 순위의 집합을 생성하려면?
```sql
# 매월 상위 5명의 고객에게 무료 영화 대여 서비스를 제공하는 쿼리
SELECT customer_id, MONTHNAME(rental_date) rental_month, COUNT(*) num_rentals
FROM rental
GROUP BY customer_id, MONTHNAME(rental_date)
ORDER BY 2, 3 DESC;

+-------------+--------------+-------------+
| customer_id | rental_month | num_rentals |
+-------------+--------------+-------------+
|         569 | August       |          18 |
|         119 | August       |          18 |
|         148 | August       |          18 |
|          15 | August       |          18 |
|         342 | August       |          17 |
|         141 | August       |          17 |
...
|         431 | May          |           1 |
|         351 | May          |           1 |
|          10 | May          |           1 |
|         136 | May          |           1 |
|          61 | May          |           1 |
+-------------+--------------+-------------+
2466 rows in set (0.02 sec)
```
매달 새로운 순위 집합을 만드려면, 결과셋을 서로 다른 데이터 윈도우(월 기준)로 나누는 방법을 설명하는 RANK()함수에 추가해야함
```sql
SELECT customer_id,
       MONTHNAME(rental_date)                                                   rental_month,
       COUNT(*)                                                                 num_rentals,
       RANK() OVER (PARTITION BY MONTHNAME(rental_date) ORDER BY COUNT(*) DESC) rank_rnk
FROM rental
GROUP BY customer_id, MONTHNAME(rental_date)
ORDER BY 2, 3 DESC;

+-------------+--------------+-------------+----------+
| customer_id | rental_month | num_rentals | rank_rnk |
+-------------+--------------+-------------+----------+
|         569 | August       |          18 |        1 |
|         119 | August       |          18 |        1 |
|         148 | August       |          18 |        1 |
|          15 | August       |          18 |        1 |
|         342 | August       |          17 |        5 |
...
|         351 | May          |           1 |      347 |
|          10 | May          |           1 |      347 |
|         136 | May          |           1 |      347 |
|          61 | May          |           1 |      347 |
+-------------+--------------+-------------+----------+
```

쿼리의 결과는 매월 순위가 1로 재설정 되어있음. 매월 상위 5명의 고객을 생성하려면 필터조건을 추가하여 순위가 5보다 높은 행을 제외하면 됨.

```sql
SELECT customer_id, rental_month, num_rentals, rank_rnk ranking
FROM (
       SELECT customer_id,
              MONTHNAME(rental_date)     rental_month,
              COUNT(*)                   num_rentals,
              RANK() OVER (PARTITION BY MONTHNAME(rental_date)
                ORDER BY COUNT(*) DESC ) rank_rnk
       FROM rental
       GROUP BY customer_id, MONTHNAME(rental_date)
     ) cust_rankings
WHERE rank_rnk <= 5
ORDER BY rental_month, num_rentals, rank_rnk;

+-------------+--------------+-------------+---------+
| customer_id | rental_month | num_rentals | ranking |
+-------------+--------------+-------------+---------+
|          21 | August       |          17 |       5 |
|         342 | August       |          17 |       5 |
|         141 | August       |          17 |       5 |
|         410 | August       |          17 |       5 |
|         418 | August       |          17 |       5 |
|         266 | August       |          17 |       5 |
|         119 | August       |          18 |       1 |
|         148 | August       |          18 |       1 |
...
|         161 | May          |           6 |       4 |
|         506 | May          |           7 |       2 |
|         109 | May          |           7 |       2 |
|         197 | May          |           8 |       1 |
+-------------+--------------+-------------+---------+
```

## 리포팅 함수

분석 함수의 일반적인 용도는 최솟값 또는 최댓값 들의 특잇값을 찾거나 전체 데이터셋에서 합계 또는 평균을 생성하는 것. 이러한 유형에는 집계 합수인 MIN,
MAX, AVG, SUM, COUNT를 사용하지만 GROUP BY 절과 함께 사용하는 대신 OVER 절과 쌍을 이룸

```sql
SELECT MONTHNAME(payment_date)                                 payment_month,
       amount,
       SUM(amount) OVER (PARTITION BY MONTHNAME(payment_date)) monthly_total,
       SUM(amount) OVER ()                                     grand_total
FROM payment
WHERE amount >= 10
ORDER BY 1;

+---------------+--------+---------------+-------------+
| payment_month | amount | monthly_total | grand_total |
+---------------+--------+---------------+-------------+
| August        |  10.99 |        521.53 |     1262.86 |
| August        |  10.99 |        521.53 |     1262.86 |
| August        |  10.99 |        521.53 |     1262.86 |
...
| June          |  10.99 |        165.85 |     1262.86 |
| May           |  10.99 |         55.95 |     1262.86 |
| May           |  11.99 |         55.95 |     1262.86 |
| May           |  10.99 |         55.95 |     1262.86 |
| May           |  10.99 |         55.95 |     1262.86 |
| May           |  10.99 |         55.95 |     1262.86 |
+---------------+--------+---------------+-------------+
114 rows in set (0.01 sec)
```

grand_total 열은 over 절이 비어있으므로 전체 결과셋에 대해 합계가 수행되도록 지정함. 따라서 모든 열이 동일한 값을 가짐.
monthly_total 열에는 결과셋이 매달 하나씩 다른 값이 포함됨.

```sql
SELECT MONTHNAME(payment_date)                                payment_month,
       SUM(amount)                                            month_total,
       ROUND(SUM(amount) / SUM(SUM(amount)) over () * 100, 2) pct_of_total
FROM payment
GROUP BY MONTHNAME(payment_date);

+---------------+-------------+--------------+
| payment_month | month_total | pct_of_total |
+---------------+-------------+--------------+
| May           |     4824.43 |         7.16 |
| June          |     9631.88 |        14.29 |
| July          |    28373.89 |        42.09 |
| August        |    24072.13 |        35.71 |
| February      |      514.18 |         0.76 |
+---------------+-------------+--------------+
5 rows in set (0.01 sec)
```

월 총계가 최대, 최소 또는 중간에 있는지 여부를 판별하기 위해 case 표현식을 사용할 수 있음
```sql
SELECT MONTHNAME(payment_date) payment_month,
       SUM(amount)             month_total,
       CASE SUM(amount)
         WHEN MAX(SUM(amount)) over () THEN 'Highest'
         WHEN MIN(SUM(amount)) over () THEN 'lowest'
         ELSE 'Middle'
         END                   descriptor
FROM payment
GROUP BY MONTHNAME(payment_date);

+---------------+-------------+------------+
| payment_month | month_total | descriptor |
+---------------+-------------+------------+
| May           |     4824.43 | Middle     |
| June          |     9631.88 | Middle     |
| July          |    28373.89 | Highest    |
| August        |    24072.13 | Middle     |
| February      |      514.18 | lowest     |
+---------------+-------------+------------+
5 rows in set (0.02 sec)
```

### 윈도우 프레임
분석 함수에 대한 데이터 윈도우는 PARTITION BY 절을 사용하여 정의되므로 공통 값 별로 행을 그룹화 할 수 있음. 근데 데이터 윈도우에 포함할 행을 더 세밀하게 제거하려면?

데이터 위도우에 포함할 행을 명확하게 정의하기 위해 frame 하위절을 포함시킬 수 있음. 
```sql
# 매주 지불액을 합산하고 롤링 합계를 계산하는 리포팅 함수를 포함하는 쿼리

SELECT YEARWEEK(payment_date)                                                           payment_week,
       SUM(amount)                                                                      week_total,
       SUM(SUM(amount)) OVER (ORDER BY YEARWEEK(payment_date) ROWS UNBOUNDED PRECEDING) rolling_sum
FROM payment
GROUP BY YEARWEEK(payment_date)
ORDER BY 1;

+--------------+------------+-------------+
| payment_week | week_total | rolling_sum |
+--------------+------------+-------------+
|       200521 |    2847.18 |     2847.18 |
|       200522 |    1977.25 |     4824.43 |
|       200524 |    5605.42 |    10429.85 |
|       200525 |    4026.46 |    14456.31 |
|       200527 |    8490.83 |    22947.14 |
|       200528 |    5983.63 |    28930.77 |
|       200530 |   11031.22 |    39961.99 |
|       200531 |    8412.07 |    48374.06 |
|       200533 |   10619.11 |    58993.17 |
|       200534 |    7909.16 |    66902.33 |
|       200607 |     514.18 |    67416.51 |
+--------------+------------+-------------+
11 rows in set (0.01 sec)
```

rolling_sum 열 표현식에는 결과셋의 시작 부분부터 현재 행까지의 데이터 윈도우를 정의하기 위해 제한 없는 선행(rows unbounded preceding) 하위절이 포함됨.
데이터 위도우는 결과셋의 첫 번째 행에 대한 단일 행, 두 번째 행에 대한 두 개의 행 등으로 구성됨. 마지막 행의 값은 전체 결과셋의 합임.

```sql
SELECT YEARWEEK(payment_date)                                                                           payment_week,
       SUM(amount)                                                                                      week_total,
       AVG(SUM(amount)) OVER (ORDER BY YEARWEEK(payment_date) ROWS BETWEEN 1 PRECEDING AND 1 FOLLOWING) rolling_3wk_avg
FROM payment
GROUP BY YEARWEEK(payment_date)
ORDER BY 1;

+--------------+------------+-----------------+
| payment_week | week_total | rolling_3wk_avg |
+--------------+------------+-----------------+
|       200521 |    2847.18 |     2412.215000 |
|       200522 |    1977.25 |     3476.616667 |
|       200524 |    5605.42 |     3869.710000 |
|       200525 |    4026.46 |     6040.903333 |
|       200527 |    8490.83 |     6166.973333 |
|       200528 |    5983.63 |     8501.893333 |
|       200530 |   11031.22 |     8475.640000 |
|       200531 |    8412.07 |    10020.800000 |
|       200533 |   10619.11 |     8980.113333 |
|       200534 |    7909.16 |     6347.483333 |
|       200607 |     514.18 |     4211.670000 |
+--------------+------------+-----------------+
11 rows in set (0.01 sec)
```

rolling_3wk_avg 열은 현재 행, 이전 행, 및 다음 행으로 구성된 데이터 윈도우를 정의함. 따라서 데이터 윈도우는 첫 번째 행과 마지막 행을 제외한 세 개의 행으로 구성됨.
데이터 윈도우의 행의 수를 지정하면 대부분의 경우 잘 작동하지만, 데이터에 공백이 있을 떄는 다른 방법을 시도할 수 있음.

예를 들어 이전 결과셋에는 200521, 200522 및 200524주의 데이터가 있지만 200523 주의 데이터는 없음. 행 수가 아닌 날짜 간격을 지정하려면 다음과 같이 할 수 있음
```sql
# 행의 수가 아닌 날짜 간격을 지정하는 쿼리
SELECT DATE(payment_date),
       SUM(amount),
       AVG(SUM(amount))
           OVER (ORDER BY DATE(payment_date) RANGE BETWEEN INTERVAL 3 DAY PRECEDING AND INTERVAL 3 day following) 7_day_avg
FROM payment
WHERE payment_date BETWEEN '2005-07-01' AND '2005-09-01'
GROUP BY DATE(payment_date)
ORDER BY 1;

+--------------------+-------------+-------------+
| DATE(payment_date) | SUM(amount) | 7_day_avg   |
+--------------------+-------------+-------------+
| 2005-07-05         |      128.73 | 1603.740000 |
| 2005-07-06         |     2131.96 | 1698.166000 |
| 2005-07-07         |     1943.39 | 1738.338333 |
| 2005-07-08         |     2210.88 | 1766.917143 |
| 2005-07-09         |     2075.87 | 2049.390000 |
| 2005-07-10         |     1939.20 | 2035.628333 |
| 2005-07-11         |     1938.39 | 2054.076000 |
| 2005-07-12         |     2106.04 | 2014.875000 |
| 2005-07-26         |      160.67 | 2046.642500 |
| 2005-07-27         |     2726.51 | 2206.244000 |
| 2005-07-28         |     2577.80 | 2316.571667 |
| 2005-07-29         |     2721.59 | 2388.102857 |
| 2005-07-30         |     2844.65 | 2754.660000 |
| 2005-07-31         |     2868.21 | 2759.351667 |
| 2005-08-01         |     2817.29 | 2795.662000 |
| 2005-08-02         |     2726.57 | 2814.180000 |
| 2005-08-16         |      111.77 | 1973.837500 |
| 2005-08-17         |     2457.07 | 2123.822000 |
| 2005-08-18         |     2710.79 | 2238.086667 |
| 2005-08-19         |     2615.72 | 2286.465714 |
| 2005-08-20         |     2723.76 | 2630.928571 |
| 2005-08-21         |     2809.41 | 2659.905000 |
| 2005-08-22         |     2576.74 | 2649.728000 |
| 2005-08-23         |     2523.01 | 2658.230000 |
+--------------------+-------------+-------------+
24 rows in set (0.02 sec)
```

7_day_avg 열은 +-3일 범위를 지정하며 payment_date 값이 해당 범위에 속하는 행만 포함함. 예를 들어 2005-08-16을 계산한다면 이전 3일 (08-13 ~ 08-15)의 행이 없으므로
08-16, 08-17, 08-18, 및 08-19의 값만 포함됨.

### lag() 함수와 lead() 함수
데이터 윈도우에 대한 합계 및 평균 계산과 더불어 또 다른 일반적인 보고 작업으로는 한 행의 값을 다른 행과 비교하는 경우가 있음
결과셋의 이전 행에서 열 값을 검색하는 LAG()함수, 다음 행에서 열 값을 검색하는 LEAD() 함수
```sql
SELECT YEARWEEK(payment_date)                                      payment_week,
       SUM(amount)                                                 week_total,
       LAG(SUM(amount), 1) OVER (ORDER BY YEARWEEK(payment_date))  prev_wk_tot,
       LEAD(SUM(amount), 1) OVER (ORDER BY YEARWEEK(payment_date)) next_wk_tot
FROM payment
GROUP BY YEARWEEK(payment_date)
ORDER BY 1;

+--------------+------------+-------------+-------------+
| payment_week | week_total | prev_wk_tot | next_wk_tot |
+--------------+------------+-------------+-------------+
|       200521 |    2847.18 |        NULL |     1977.25 |
|       200522 |    1977.25 |     2847.18 |     5605.42 |
|       200524 |    5605.42 |     1977.25 |     4026.46 |
|       200525 |    4026.46 |     5605.42 |     8490.83 |
|       200527 |    8490.83 |     4026.46 |     5983.63 |
|       200528 |    5983.63 |     8490.83 |    11031.22 |
|       200530 |   11031.22 |     5983.63 |     8412.07 |
|       200531 |    8412.07 |    11031.22 |    10619.11 |
|       200533 |   10619.11 |     8412.07 |     7909.16 |
|       200534 |    7909.16 |    10619.11 |      514.18 |
|       200607 |     514.18 |     7909.16 |        NULL |
+--------------+------------+-------------+-------------+
11 rows in set (0.01 sec)
```

LAG() 함수를 사용하여 이전 주와의 백분율 차이를 생성하는 방법은 다음과 같음
```sql
SELECT YEARWEEK(payment_date)                                                     payment_week,
       SUM(amount)                                                                week_total,
       ROUND((SUM(amount) - LAG(SUM(amount), 1) OVER (ORDER BY YEARWEEK(payment_date))) /
             LAG(SUM(amount), 1) OVER (ORDER BY YEARWEEK(payment_date)) * 100, 1) pct_diff
FROM payment
GROUP BY YEARWEEK(payment_date)
ORDER BY 1;

+--------------+------------+----------+
| payment_week | week_total | pct_diff |
+--------------+------------+----------+
|       200521 |    2847.18 |     NULL |
|       200522 |    1977.25 |    -30.6 |
|       200524 |    5605.42 |    183.5 |
|       200525 |    4026.46 |    -28.2 |
|       200527 |    8490.83 |    110.9 |
|       200528 |    5983.63 |    -29.5 |
|       200530 |   11031.22 |     84.4 |
|       200531 |    8412.07 |    -23.7 |
|       200533 |   10619.11 |     26.2 |
|       200534 |    7909.16 |    -25.5 |
|       200607 |     514.18 |    -93.5 |
+--------------+------------+----------+
11 rows in set (0.02 sec)
```
동일한 결과셋에서 서로 다른 행의 값을 비교하는 것은 리포팅 시스템의 일반적인 관행이므로 LAG() 및 LEAD() 함수가 유용함

### group_concat() 함수

group_concat()함수는 열 값 집합을 하나의 구분된 문자열로 비벗하는데 사용되며, XML 또는 JSON 문서를 생성하기 위해 결과셋을 변별하는 편리한 방법임
```sql
# group_concat() 함수를 사용하여 각 영화에 쉼표로 구분된 배우 목록을 생성하는 쿼리
SELECT f.title, GROUP_CONCAT(a.last_name ORDER BY a.last_name SEPARATOR ',') actors
FROM actor a
       INNER JOIN film_actor fa on a.actor_id = fa.actor_id
       INNER JOIN film f on fa.film_id = f.film_id
GROUP BY f.title
HAVING COUNT(*) = 3;

+------------------------+------------------------------+
| title                  | actors                       |
+------------------------+------------------------------+
| ANNIE IDENTITY         | GRANT,KEITEL,MCQUEEN         |
| ANYTHING SAVANNAH      | MONROE,SWANK,WEST            |
| ARK RIDGEMONT          | BAILEY,DEGENERES,GOLDBERG    |
...
| VOICE PEACH            | BERGEN,GARLAND,VOIGHT        |
| WHISPERER GIANT        | BAILEY,PECK,WALKEN           |
| WIND PHANTOM           | BALL,DENCH,GUINESS           |
| ZORRO ARK              | DEGENERES,MONROE,TANDY       |
+------------------------+------------------------------+
119 rows in set (0.02 sec)
```
이 쿼리는 영화 제목별로 행을 그룹화 하고, 정확히 세명의 배우가 나오는 영화만 포함함. 또 group_concat() 함수는 각 영화에 등장하는 모든 배우의 성을 단일 문자열로 피벗하는 특수유형의 집계 함수처럼 작동함.

SQL 서버에서는 string_agg() 함수를 사용해서, 오라클에서는 listagg() 함수를 사용해서 할 수 있음